#
# SQL Export
# Encoding: Unicode (UTF-8)
#


SET @PREVIOUS_FOREIGN_KEY_CHECKS = @@FOREIGN_KEY_CHECKS;
SET FOREIGN_KEY_CHECKS = 0;


LOCK TABLES `contents` WRITE;
ALTER TABLE `contents` DISABLE KEYS;
INSERT INTO `contents` (`id`, `title`, `description`, `domain`, `thumbnail`, `url`, `text`, `comments_count`, `related_count`, `eng`, `nsfw`, `user_id`, `group_id`, `uv`, `dv`, `score`, `frontpage_at`, `created_at`, `updated_at`, `deleted_at`) VALUES 
	(1,'Labore perspiciatis iste impedit eligendi dolorem sunt provident aut dolorem.','Eum non cumque est consequatur. Iste corrupti id et autem. Quos explicabo perferendis laborum possimus. Ut iusto quia amet inventore consequuntur.','herzogroberts.biz',NULL,'http://herzogroberts.biz/est-consequatur-illo-et-beatae',NULL,7,0,1,1,1,1,0,0,0,NULL,'2011-08-13 12:52:53','2015-03-25 02:27:06',NULL),
	(2,'Voluptas modi enim dicta tempora eum aut officiis ipsum est rerum.','Illum aut ut officia ut. Et consequatur reprehenderit temporibus quia quisquam autem. Sit voluptates vel dolores placeat corporis. Pariatur dolore voluptates atque reprehenderit incidunt aut.','collinscollier.com',NULL,'http://collinscollier.com/laboriosam-enim-recusandae-dignissimos-perspiciatis-exercitationem-ullam-ab-sint.html',NULL,0,0,1,0,1,2,0,0,0,NULL,'2010-05-07 17:40:26','2015-03-25 02:27:07',NULL),
	(3,'Iste consequuntur suscipit suscipit quidem soluta sed.','Earum eligendi est voluptates mollitia quibusdam. Perspiciatis reiciendis cumque quae et.','mclaughlin.com',NULL,'http://mclaughlin.com/nulla-similique-harum-enim-mollitia.html',NULL,0,0,0,1,1,2,0,0,0,NULL,'2008-09-29 12:17:26','2015-03-25 02:27:08',NULL),
	(4,'Est suscipit aut delectus alias cupiditate ducimus ex nam omnis aut omnis voluptatem et.','Quis officia rerum explicabo debitis. Enim voluptas tempora distinctio rerum aspernatur. Repudiandae reprehenderit necessitatibus velit autem.','bernierbechtelar.com',NULL,'https://bernierbechtelar.com/dignissimos-incidunt-qui-autem-laboriosam.html',NULL,7,0,1,0,2,2,0,0,0,NULL,'2010-01-31 15:23:18','2015-03-25 02:27:10',NULL),
	(5,'Iste non maiores eius illo quo adipisci iusto.','Ullam labore aut ut quis aut excepturi qui error. Amet natus quia ratione sed neque aliquam asperiores occaecati. Sunt et ipsam tenetur minus aspernatur eum et inventore.','halvorsonwolff.com',NULL,'http://www.halvorsonwolff.com/est-nihil-pariatur-aut.html',NULL,1,0,1,0,1,2,0,0,0,NULL,'2010-08-04 19:15:43','2015-03-25 02:27:11',NULL),
	(6,'Dignissimos pariatur assumenda aut tempore omnis rerum voluptatibus voluptatem.','Sit explicabo accusantium commodi non. Cumque voluptas et voluptas natus incidunt. Eligendi consequatur optio quia quibusdam.','purdyflatley.net',NULL,'http://www.purdyflatley.net/commodi-rerum-non-corporis-sed-explicabo-voluptates-necessitatibus',NULL,7,0,1,1,2,2,0,0,0,NULL,'2006-02-12 00:52:39','2015-03-25 02:27:11',NULL),
	(7,'Eum vel nihil quasi est beatae debitis necessitatibus recusandae tempore.','Deserunt quia reprehenderit quis. Aspernatur impedit quaerat tempore et consequatur. Mollitia similique sit corporis qui aut dolorem libero possimus. Ea non et omnis.','hodkiewicz.com',NULL,'http://hodkiewicz.com/minus-aperiam-modi-error-non',NULL,5,0,0,0,2,3,0,0,0,NULL,'2014-04-19 16:56:50','2015-03-25 02:27:12',NULL),
	(8,'Aut fugit dolores quo voluptas totam itaque esse et repellendus aliquid.','Velit ut omnis nisi placeat non. Totam et numquam labore eos. Dolores dolores nihil eos.','moenruecker.com',NULL,'http://moenruecker.com/voluptatem-facilis-quaerat-et-vero',NULL,0,0,1,0,4,3,0,0,0,NULL,'2007-10-24 15:44:27','2015-03-25 02:27:14',NULL),
	(9,'Et nihil modi deserunt voluptas sed blanditiis ut sint vero consectetur et mollitia.','Consequatur soluta voluptate magni nobis eum iure exercitationem. Neque ut exercitationem eos similique. Qui optio iusto rerum architecto aut.','hand.org',NULL,'https://www.hand.org/et-et-omnis-et',NULL,0,0,0,0,2,3,0,0,0,NULL,'2009-08-05 14:20:52','2015-03-25 02:27:15',NULL),
	(10,'Qui occaecati quibusdam et amet eos et iste officia ullam.','Totam labore dolorem blanditiis quae. Quos maiores aliquid dolor deserunt consectetur et. Minus ipsum dolor omnis ut optio voluptas et.','reinger.com',NULL,'http://www.reinger.com/eligendi-vel-voluptatem-repudiandae-et',NULL,4,0,0,1,2,3,0,0,0,NULL,'2014-05-27 11:20:17','2015-03-25 02:27:16',NULL),
	(11,'Aperiam omnis dicta sed cumque nihil dolorem ut.','Consequatur est corrupti ex fuga. Accusantium earum officia quo magnam et. Dignissimos quas sint corrupti voluptas quia.','bauch.biz',NULL,'http://bauch.biz/alias-rerum-adipisci-nihil-doloribus',NULL,1,0,1,1,4,4,0,0,0,NULL,'2009-12-14 21:05:41','2015-03-25 02:27:17',NULL),
	(12,'Deserunt voluptas aut labore labore totam dolore.','Aspernatur repellendus et sint dolores dignissimos. Quia et reiciendis et dolorem et velit hic. Aut et voluptatem illum architecto.','mayer.com',NULL,'http://mayer.com/',NULL,0,0,0,1,6,5,0,0,0,NULL,'2015-01-25 03:29:03','2015-03-25 02:27:18',NULL),
	(13,'Qui id voluptatum nam nostrum sunt vel consequatur dolore unde molestias ut iusto vero.','Mollitia provident odit vel occaecati consequatur inventore. Odio repudiandae voluptatem est ut. Ut ipsa ipsam itaque ea.','swiftstokes.info',NULL,'http://www.swiftstokes.info/delectus-atque-sunt-voluptatum-aut-maxime-explicabo',NULL,8,0,0,1,5,5,0,0,0,NULL,'2007-08-23 07:09:02','2015-03-25 02:27:19',NULL),
	(14,'Quae blanditiis autem veniam nam nulla corporis quia esse labore laudantium a.','Est commodi autem sit incidunt et. Quisquam consequatur occaecati voluptatibus delectus magni et quis.','ebert.org',NULL,'https://ebert.org/deserunt-est-facilis-repellat-corporis.html',NULL,0,0,1,1,2,5,0,0,0,NULL,'2009-12-01 11:21:45','2015-03-25 02:27:20',NULL),
	(15,'Porro et quisquam id quas quae et amet rerum.','Eaque assumenda repudiandae quis ullam repellat. Aliquid consequatur magnam omnis harum et delectus. Omnis in possimus at. Aspernatur rem facilis velit dicta temporibus.','krajcikgerhold.com',NULL,'http://www.krajcikgerhold.com/quos-aut-ea-nam-voluptatem-omnis',NULL,0,0,1,1,1,6,0,0,0,NULL,'2012-05-18 22:26:08','2015-03-25 02:27:21',NULL),
	(16,'Molestiae quo voluptas error earum aut quo quis.','Deserunt eaque inventore ut et aut mollitia ut. Est dolorum est et vitae voluptate. Neque consectetur quidem necessitatibus in.','morissetteerdman.net',NULL,'http://morissetteerdman.net/sit-tenetur-et-architecto-voluptatibus-laborum-veniam-accusantium.html',NULL,4,0,1,1,1,6,0,0,0,NULL,'2012-01-18 12:17:58','2015-03-25 02:27:23',NULL),
	(17,'Quibusdam commodi qui harum repellendus deleniti fuga.','Incidunt soluta quidem molestiae commodi doloremque delectus. Eum sit minima quibusdam voluptatem id. Voluptas aliquam voluptas amet. Repellat mollitia aut suscipit.','grimessimonis.com',NULL,'http://grimessimonis.com/',NULL,3,0,0,1,3,6,0,0,0,NULL,'2010-06-09 14:54:07','2015-03-25 02:27:24',NULL),
	(18,'Sequi occaecati nisi quam minus aut necessitatibus nam incidunt et nisi.','Sunt maxime omnis aperiam doloribus. Incidunt hic exercitationem maiores qui. Necessitatibus omnis vero sequi.\nHarum in rem aut eveniet quos vero. Ex quo pariatur mollitia qui deserunt natus sit a.','hudsonemmerich.com',NULL,'http://www.hudsonemmerich.com/ipsum-debitis-aut-et-vel-eveniet',NULL,0,0,0,1,1,6,0,0,0,NULL,'2013-08-09 05:43:31','2015-03-25 02:27:25',NULL),
	(19,'Consequuntur numquam facilis fugit itaque enim magnam quasi deleniti ut eius praesentium.','Dolorum quaerat numquam et rerum aut. Placeat aut vitae voluptate at cupiditate. Iusto iste aut sunt velit blanditiis libero quod.','frami.net',NULL,'http://frami.net/harum-eos-incidunt-eveniet-alias.html',NULL,5,0,0,1,2,7,0,0,0,NULL,'2010-06-12 20:54:22','2015-03-25 02:27:26',NULL),
	(20,'Consequatur temporibus cumque alias totam minima veniam suscipit autem sunt corrupti adipisci esse.','Rerum vel corporis eaque est assumenda. Minima earum qui earum sint ut amet. Doloribus qui enim adipisci aut aut. Fugit ipsam sed quae sed sint numquam consequuntur.','jacobsonhermann.net',NULL,'http://jacobsonhermann.net/voluptatibus-quis-vel-voluptas-reiciendis-alias-labore',NULL,2,0,1,1,1,7,0,0,0,NULL,'2005-08-02 12:04:17','2015-03-25 02:27:27',NULL),
	(21,'Esse qui recusandae cumque facilis at non adipisci harum praesentium aut magnam commodi voluptate.','Voluptate autem ullam dolore. Suscipit corrupti repellendus animi est alias soluta. Quidem consequatur nam excepturi dolor voluptatem. Autem id expedita dolor id nihil. Et non corrupti atque.','lind.net',NULL,'http://www.lind.net/facilis-laborum-cupiditate-voluptate-porro-quae',NULL,2,0,1,0,6,8,0,0,0,NULL,'2006-04-11 12:48:37','2015-03-25 02:27:28',NULL),
	(22,'Et non deleniti non voluptatem harum deserunt quod consequatur.','Sequi est quos quo ipsa dolores. Molestiae qui nihil aut voluptas et aut aut. Fugiat sint inventore consequatur provident sed animi commodi. Repellendus autem dolorem laboriosam reprehenderit.','larkin.com',NULL,'http://www.larkin.com/totam-dolorum-cupiditate-consectetur-sequi-sunt-maiores-hic',NULL,6,0,0,1,3,8,0,0,0,NULL,'2007-10-18 15:46:50','2015-03-25 02:27:30',NULL),
	(23,'Dolor eius quasi officia distinctio neque laborum omnis inventore nemo totam.','Accusamus consequatur consectetur repudiandae consequatur impedit. Voluptatibus tempora et voluptatem qui praesentium et. Voluptas hic sit qui possimus minima odit explicabo.','wiza.com',NULL,'http://www.wiza.com/pariatur-minima-expedita-perspiciatis-sed-at-distinctio-non-delectus',NULL,8,0,0,1,5,8,0,0,0,NULL,'2007-12-17 14:52:34','2015-03-25 02:27:31',NULL),
	(24,'Veniam voluptatibus dolorem commodi optio qui rerum quaerat suscipit assumenda aut eius rem molestiae.','Nostrum mollitia perspiciatis consectetur ullam cupiditate rerum alias. Ex fugit praesentium ipsam quos nulla aut. Excepturi qui ipsam numquam sed. Quas placeat sunt expedita ea explicabo.','feest.com',NULL,'http://feest.com/voluptates-sunt-est-dicta-autem-ex-explicabo-consectetur',NULL,8,0,1,0,6,8,0,0,0,NULL,'2013-04-21 17:11:18','2015-03-25 02:27:32',NULL),
	(25,'Sed unde occaecati commodi occaecati ab vel id a maiores.','Quo fuga nisi suscipit quia aliquid. Ut ea ratione dicta possimus ut ut accusamus. Eveniet consequatur tempora sit libero itaque.','goodwinabernathy.net',NULL,'http://www.goodwinabernathy.net/ea-aspernatur-sed-consectetur-libero-sed-sunt.html',NULL,6,0,0,0,7,8,0,0,0,NULL,'2011-02-23 09:42:45','2015-03-25 02:27:33',NULL),
	(26,'Perferendis qui tempore harum corporis iure assumenda aut ipsum.','Eum eius eum officiis vero tenetur tenetur enim. Excepturi et dicta itaque facere est.','oberbrunner.com',NULL,'http://www.oberbrunner.com/',NULL,5,0,1,1,7,9,0,0,0,NULL,'2012-02-04 18:33:42','2015-03-25 02:27:34',NULL),
	(27,'Cupiditate recusandae quis nesciunt sit at facilis iusto harum.','Et magnam minima culpa placeat repudiandae non. Ad voluptatem et et maiores est.','boehm.com',NULL,'http://boehm.com/vitae-molestiae-blanditiis-soluta-magni-exercitationem-ipsa-saepe',NULL,0,0,0,0,8,9,0,0,0,NULL,'2007-11-13 15:26:03','2015-03-25 02:27:35',NULL),
	(28,'Nesciunt eum quae et quos corporis molestias suscipit.','Tenetur magni quisquam rerum occaecati quibusdam tenetur vel. Et minima totam aut fugit fuga doloribus aut vitae. Incidunt maxime dolorem molestiae ratione voluptas ipsum.','fritschsimonis.net',NULL,'http://fritschsimonis.net/ipsa-eveniet-aut-eos-nihil.html',NULL,3,0,1,0,1,9,0,0,0,NULL,'2007-06-15 14:32:15','2015-03-25 02:27:37',NULL),
	(29,'Ullam hic quas inventore incidunt corporis et amet numquam voluptas ut nemo tenetur unde.','Qui impedit quis aut sed iste ut libero dolorum. Est voluptatem maiores dolorem qui qui error. Rerum ut eligendi molestias accusamus. Consequuntur voluptate asperiores iste quo esse et.','lang.com',NULL,'http://lang.com/dolorem-consequatur-qui-eaque-id-numquam-non.html',NULL,6,0,1,1,8,10,0,0,0,NULL,'2007-10-26 12:20:17','2015-03-25 02:27:38',NULL),
	(30,'Commodi ut iusto cum sed voluptatibus ut deserunt adipisci atque.','Dolorum facere quo nemo deleniti. Rerum qui quidem maxime aut ut similique doloribus sunt. Natus laudantium sit reiciendis autem sed doloribus nam. Ut unde et repudiandae.','hahn.org',NULL,'http://www.hahn.org/aspernatur-molestiae-repellat-neque-iusto-occaecati',NULL,3,0,1,1,7,10,0,0,0,NULL,'2009-01-17 10:19:35','2015-03-25 02:27:38',NULL),
	(31,'Ut illo quas dolorem illum rem nobis nostrum quaerat cum aut enim vero est.','Veritatis quibusdam officiis excepturi quo. Quia ratione corrupti magni molestias reiciendis. Suscipit enim pariatur aut maxime est quo ab. Ipsa quod dignissimos quis pariatur quia hic labore.','altenwerth.biz',NULL,'http://www.altenwerth.biz/asperiores-est-voluptates-ut-facere',NULL,6,0,1,0,5,10,0,0,0,NULL,'2010-01-20 00:14:09','2015-03-25 02:27:39',NULL);
ALTER TABLE `contents` ENABLE KEYS;
UNLOCK TABLES;


LOCK TABLES `comments` WRITE;
ALTER TABLE `comments` DISABLE KEYS;
INSERT INTO `comments` (`id`, `text`, `text_source`, `user_id`, `group_id`, `content_id`, `uv`, `dv`, `score`, `created_at`, `updated_at`) VALUES 
	(1,'<p>Soluta modi tempora nulla. Soluta at accusamus illo quaerat eveniet iste explicabo. Suscipit ipsam dolorem et eveniet ut ipsa aspernatur. Et impedit voluptas et in voluptates minus qui.<br>\nUt nemo vitae vero quasi ex. Culpa vel quo nesciunt quod earum aspernatur. Natus sunt voluptatem sed ipsa ab.<br>\nQuos rerum ipsam error sint alias beatae. Deleniti veritatis quasi vel similique. Et porro veritatis omnis esse voluptas. Culpa aspernatur vel atque dolorum laudantium quod doloremque.</p>','Soluta modi tempora nulla. Soluta at accusamus illo quaerat eveniet iste explicabo. Suscipit ipsam dolorem et eveniet ut ipsa aspernatur. Et impedit voluptas et in voluptates minus qui.\nUt nemo vitae vero quasi ex. Culpa vel quo nesciunt quod earum aspernatur. Natus sunt voluptatem sed ipsa ab.\nQuos rerum ipsam error sint alias beatae. Deleniti veritatis quasi vel similique. Et porro veritatis omnis esse voluptas. Culpa aspernatur vel atque dolorum laudantium quod doloremque.',3,1,1,0,0,0,'2013-04-12 09:17:50','2015-03-25 02:27:06'),
	(2,'<p>Id soluta placeat ea quibusdam rerum dolorum consequatur. Consequuntur rem ut ad ad.<br>\nIusto veniam quia voluptas quia. Consectetur temporibus voluptatibus qui nostrum et ut error. Aut assumenda molestias aperiam deserunt odit. Dolores natus quibusdam ut soluta harum.<br>\nEos maxime facere perferendis voluptates. Sit vitae velit debitis alias laudantium. Omnis soluta in consequatur vel qui velit. Dolores culpa eaque et quisquam repellat eligendi.</p>','Id soluta placeat ea quibusdam rerum dolorum consequatur. Consequuntur rem ut ad ad.\nIusto veniam quia voluptas quia. Consectetur temporibus voluptatibus qui nostrum et ut error. Aut assumenda molestias aperiam deserunt odit. Dolores natus quibusdam ut soluta harum.\nEos maxime facere perferendis voluptates. Sit vitae velit debitis alias laudantium. Omnis soluta in consequatur vel qui velit. Dolores culpa eaque et quisquam repellat eligendi.',2,1,1,0,0,0,'2009-12-16 21:49:58','2015-03-25 02:27:06'),
	(3,'<p>Aut delectus aut atque totam dolorum ut. Distinctio quibusdam consequuntur rerum cupiditate quas et consequuntur sint.<br>\nQuibusdam saepe aut mollitia et. Consectetur aperiam nam molestiae perspiciatis aperiam ab. Laboriosam voluptatem reprehenderit eaque aut. Rerum ut veritatis voluptates voluptatem quisquam.<br>\nItaque ullam dolore itaque praesentium voluptatem optio debitis. Possimus sed eaque ut doloribus ut nihil quo. Enim reprehenderit natus in autem voluptatem. Excepturi accusamus et reiciendis ut.</p>','Aut delectus aut atque totam dolorum ut. Distinctio quibusdam consequuntur rerum cupiditate quas et consequuntur sint.\nQuibusdam saepe aut mollitia et. Consectetur aperiam nam molestiae perspiciatis aperiam ab. Laboriosam voluptatem reprehenderit eaque aut. Rerum ut veritatis voluptates voluptatem quisquam.\nItaque ullam dolore itaque praesentium voluptatem optio debitis. Possimus sed eaque ut doloribus ut nihil quo. Enim reprehenderit natus in autem voluptatem. Excepturi accusamus et reiciendis ut.',1,2,4,0,0,0,'2012-11-19 08:55:09','2015-03-25 02:27:10'),
	(4,'<p>Sit odit eum non aut. Neque explicabo ut non.<br>\nSunt minima ut eveniet dolore aliquam. Natus laborum omnis sit et quisquam accusamus a. Et et numquam dolor quas. Est quo aliquam a aut aliquam quia temporibus.<br>\nOmnis ipsum atque et. Dolorum ducimus explicabo enim. Quia quod quisquam aut sit qui velit.<br>\nVelit quaerat tempore voluptates. Et porro veniam voluptates fuga consequatur. Alias non dolore aut aut dolor.</p>','Sit odit eum non aut. Neque explicabo ut non.\nSunt minima ut eveniet dolore aliquam. Natus laborum omnis sit et quisquam accusamus a. Et et numquam dolor quas. Est quo aliquam a aut aliquam quia temporibus.\nOmnis ipsum atque et. Dolorum ducimus explicabo enim. Quia quod quisquam aut sit qui velit.\nVelit quaerat tempore voluptates. Et porro veniam voluptates fuga consequatur. Alias non dolore aut aut dolor.',2,2,4,0,0,0,'2012-07-25 12:00:47','2015-03-25 02:27:10'),
	(5,'<p>Quod blanditiis ea adipisci. Et unde consequuntur dicta. Maiores deserunt aut vel.<br>\nEt non sint provident. Non architecto ad qui aspernatur qui optio beatae dolores. Nemo quia dolorum labore occaecati omnis eaque ea. Molestias ea deserunt non nam voluptas sint cupiditate provident.<br>\nQuia est inventore suscipit deleniti aliquam. Repellat quis eos quia quod. Officiis quis ab sunt aliquid maiores id.</p>','Quod blanditiis ea adipisci. Et unde consequuntur dicta. Maiores deserunt aut vel.\nEt non sint provident. Non architecto ad qui aspernatur qui optio beatae dolores. Nemo quia dolorum labore occaecati omnis eaque ea. Molestias ea deserunt non nam voluptas sint cupiditate provident.\nQuia est inventore suscipit deleniti aliquam. Repellat quis eos quia quod. Officiis quis ab sunt aliquid maiores id.',2,2,5,0,0,0,'2015-03-06 09:59:21','2015-03-25 02:27:11'),
	(6,'<p>Similique quae sit eius recusandae. Ipsam a magnam ullam commodi ipsum. Dolorum molestiae esse unde nemo quibusdam fuga quas. Laborum voluptatem consequatur esse modi.<br>\nRerum aut architecto est aut. Eos pariatur odit aspernatur temporibus qui aut consectetur. Eos distinctio quae consequuntur ut. Nihil perferendis quibusdam omnis quos aspernatur labore.<br>\nDolores vel qui ut et. Consectetur molestiae omnis ex debitis saepe officia eum soluta. Et dolores aut aut magni ab repellat repudiandae.</p>','Similique quae sit eius recusandae. Ipsam a magnam ullam commodi ipsum. Dolorum molestiae esse unde nemo quibusdam fuga quas. Laborum voluptatem consequatur esse modi.\nRerum aut architecto est aut. Eos pariatur odit aspernatur temporibus qui aut consectetur. Eos distinctio quae consequuntur ut. Nihil perferendis quibusdam omnis quos aspernatur labore.\nDolores vel qui ut et. Consectetur molestiae omnis ex debitis saepe officia eum soluta. Et dolores aut aut magni ab repellat repudiandae.',3,2,6,0,0,0,'2011-11-07 06:04:32','2015-03-25 02:27:11'),
	(7,'<p>Tempora saepe ratione laborum. Quos deserunt facilis velit aut esse. Enim mollitia ipsum temporibus. Est aliquam hic esse quibusdam esse quibusdam.<br>\nDicta adipisci rem natus. Eum sapiente cumque voluptas excepturi est non. Quia voluptatem deleniti eaque earum eveniet. Et cum possimus eos ut recusandae aut neque.<br>\nQuis repellat sunt non sunt inventore. Velit facere accusantium ab quia qui id accusamus. Non magni quas quis necessitatibus. Ut aperiam nulla sint eligendi. Voluptatem consequatur omnis est fugit.</p>','Tempora saepe ratione laborum. Quos deserunt facilis velit aut esse. Enim mollitia ipsum temporibus. Est aliquam hic esse quibusdam esse quibusdam.\nDicta adipisci rem natus. Eum sapiente cumque voluptas excepturi est non. Quia voluptatem deleniti eaque earum eveniet. Et cum possimus eos ut recusandae aut neque.\nQuis repellat sunt non sunt inventore. Velit facere accusantium ab quia qui id accusamus. Non magni quas quis necessitatibus. Ut aperiam nulla sint eligendi. Voluptatem consequatur omnis est fugit.',2,2,6,0,0,0,'2007-04-17 13:39:45','2015-03-25 02:27:11'),
	(8,'<p>Aliquam quo totam commodi veniam quia. Sequi facere deleniti autem mollitia illo. Soluta vel autem libero voluptatem veritatis nobis fugiat.<br>\nQuam a et et est. Ea quas aspernatur molestias est. Et et laboriosam inventore est amet. Officiis est mollitia id qui.</p>','Aliquam quo totam commodi veniam quia. Sequi facere deleniti autem mollitia illo. Soluta vel autem libero voluptatem veritatis nobis fugiat.\nQuam a et et est. Ea quas aspernatur molestias est. Et et laboriosam inventore est amet. Officiis est mollitia id qui.',3,2,6,0,0,0,'2011-01-02 10:21:13','2015-03-25 02:27:11'),
	(9,'<p>Sunt cumque et nihil minus incidunt voluptatem nihil. Aspernatur nihil rerum tempore et optio harum similique cupiditate. Qui veritatis ducimus minima ut molestiae. Rem consequatur vel laborum et voluptatem. Hic rerum quas ipsa voluptas eos quia aspernatur.<br>\nOfficiis dolorem voluptas recusandae eos sapiente. Doloremque error amet numquam accusantium.<br>\nEt est et in quibusdam debitis. Voluptas minus rerum id odio sed facere. Nihil porro qui quasi voluptas quia vitae.</p>','Sunt cumque et nihil minus incidunt voluptatem nihil. Aspernatur nihil rerum tempore et optio harum similique cupiditate. Qui veritatis ducimus minima ut molestiae. Rem consequatur vel laborum et voluptatem. Hic rerum quas ipsa voluptas eos quia aspernatur.\nOfficiis dolorem voluptas recusandae eos sapiente. Doloremque error amet numquam accusantium.\nEt est et in quibusdam debitis. Voluptas minus rerum id odio sed facere. Nihil porro qui quasi voluptas quia vitae.',4,3,7,0,0,0,'2006-09-15 12:48:33','2015-03-25 02:27:12'),
	(10,'<p>Hic iste explicabo consequuntur. Veritatis perspiciatis et possimus et laboriosam omnis et. A qui autem aliquid pariatur fugit aliquid.<br>\nDolorum minus id delectus rerum aut autem. Aut minima sit ipsa ipsa itaque perferendis. Corporis explicabo qui et corrupti deserunt sequi ut. Omnis accusamus dolores vel et ducimus accusantium nisi.<br>\nNecessitatibus sed autem saepe nihil repellat. Modi hic sunt iste. Voluptatibus repellat eveniet velit necessitatibus.</p>','Hic iste explicabo consequuntur. Veritatis perspiciatis et possimus et laboriosam omnis et. A qui autem aliquid pariatur fugit aliquid.\nDolorum minus id delectus rerum aut autem. Aut minima sit ipsa ipsa itaque perferendis. Corporis explicabo qui et corrupti deserunt sequi ut. Omnis accusamus dolores vel et ducimus accusantium nisi.\nNecessitatibus sed autem saepe nihil repellat. Modi hic sunt iste. Voluptatibus repellat eveniet velit necessitatibus.',4,3,7,0,0,0,'2012-10-23 19:05:55','2015-03-25 02:27:12'),
	(11,'<p>Doloremque velit et delectus non occaecati commodi. Reiciendis laboriosam tempora adipisci provident qui veritatis nemo. Culpa eaque dolor sit sit. Fuga error impedit sint sit excepturi.<br>\nAccusantium id ab veritatis ratione omnis consequatur dolor. Saepe quae ad animi. Dolores facilis neque officiis molestiae placeat. Ut consequatur expedita molestiae eaque id quod et.</p>','Doloremque velit et delectus non occaecati commodi. Reiciendis laboriosam tempora adipisci provident qui veritatis nemo. Culpa eaque dolor sit sit. Fuga error impedit sint sit excepturi.\nAccusantium id ab veritatis ratione omnis consequatur dolor. Saepe quae ad animi. Dolores facilis neque officiis molestiae placeat. Ut consequatur expedita molestiae eaque id quod et.',1,3,10,0,0,0,'2014-05-02 05:37:16','2015-03-25 02:27:16'),
	(12,'<p>Sit necessitatibus eligendi recusandae qui consequuntur aut ipsum quae. Omnis sed dolore molestiae aut suscipit non qui. In rerum odit deleniti vero. Ut qui dignissimos nisi minus totam non.<br>\nDolores maiores eos numquam est ipsam autem minus. Illum molestiae libero voluptatibus rem quibusdam. Dolor distinctio aut qui maiores aliquam quia officia.<br>\nCum voluptatem et sed non sit. Nemo ut voluptas fugiat voluptas. Repellat inventore ratione necessitatibus rerum sed est velit quod.</p>','Sit necessitatibus eligendi recusandae qui consequuntur aut ipsum quae. Omnis sed dolore molestiae aut suscipit non qui. In rerum odit deleniti vero. Ut qui dignissimos nisi minus totam non.\nDolores maiores eos numquam est ipsam autem minus. Illum molestiae libero voluptatibus rem quibusdam. Dolor distinctio aut qui maiores aliquam quia officia.\nCum voluptatem et sed non sit. Nemo ut voluptas fugiat voluptas. Repellat inventore ratione necessitatibus rerum sed est velit quod.',2,3,10,0,0,0,'2010-06-22 00:55:35','2015-03-25 02:27:16'),
	(13,'<p>Ducimus et dolorem voluptatem voluptas quo maiores consequatur. Voluptatum nisi vel voluptatem officia aut quam laboriosam. Necessitatibus ab quod magni autem quia et.<br>\nQui maxime dolorem excepturi nemo. Nihil molestiae sequi id odio voluptates omnis. Optio saepe qui consequatur nam.<br>\nPraesentium autem voluptatem minus ex. Eaque dolores iste non atque sunt facilis.</p>','Ducimus et dolorem voluptatem voluptas quo maiores consequatur. Voluptatum nisi vel voluptatem officia aut quam laboriosam. Necessitatibus ab quod magni autem quia et.\nQui maxime dolorem excepturi nemo. Nihil molestiae sequi id odio voluptates omnis. Optio saepe qui consequatur nam.\nPraesentium autem voluptatem minus ex. Eaque dolores iste non atque sunt facilis.',2,3,10,0,0,0,'2008-11-25 14:24:34','2015-03-25 02:27:16'),
	(14,'<p>Aut id eligendi perferendis et sapiente deserunt aut. Asperiores quibusdam et pariatur quia error molestiae. Officiis dolor accusantium aut. Magnam voluptas saepe laboriosam ea velit quisquam recusandae est.<br>\nExplicabo assumenda labore aut excepturi. Ut earum ab facilis. Accusantium nisi quibusdam aliquam eveniet. Quod dolores et eum officiis aperiam aut.</p>','Aut id eligendi perferendis et sapiente deserunt aut. Asperiores quibusdam et pariatur quia error molestiae. Officiis dolor accusantium aut. Magnam voluptas saepe laboriosam ea velit quisquam recusandae est.\nExplicabo assumenda labore aut excepturi. Ut earum ab facilis. Accusantium nisi quibusdam aliquam eveniet. Quod dolores et eum officiis aperiam aut.',3,4,11,0,0,0,'2010-12-30 02:25:02','2015-03-25 02:27:17'),
	(15,'<p>Ipsa voluptatem magnam velit aut reprehenderit. Incidunt sed ut omnis animi. At cupiditate quae impedit rem temporibus rem deserunt. Doloribus in iure illum dolorem exercitationem. Saepe magni quaerat incidunt sed nihil ipsam.<br>\nVelit nesciunt nihil explicabo in autem. Nam qui tempora qui autem. Officia et voluptatem quidem nobis error consequatur. Totam necessitatibus provident dolores ipsa dignissimos odit omnis.</p>','Ipsa voluptatem magnam velit aut reprehenderit. Incidunt sed ut omnis animi. At cupiditate quae impedit rem temporibus rem deserunt. Doloribus in iure illum dolorem exercitationem. Saepe magni quaerat incidunt sed nihil ipsam.\nVelit nesciunt nihil explicabo in autem. Nam qui tempora qui autem. Officia et voluptatem quidem nobis error consequatur. Totam necessitatibus provident dolores ipsa dignissimos odit omnis.',1,5,13,0,0,0,'2010-04-11 11:38:01','2015-03-25 02:27:19'),
	(16,'<p>Aut est ad consequatur numquam enim commodi quam. Veritatis praesentium ipsam inventore praesentium ea voluptas inventore dolorem.<br>\nSimilique itaque harum eius. Quibusdam itaque molestias enim sit veritatis. Dicta in voluptas aperiam eaque quis.<br>\nQuia reprehenderit maxime tempore suscipit in exercitationem amet. Rerum facilis esse placeat omnis hic. Tenetur et praesentium in quo et. In illum sint blanditiis.</p>','Aut est ad consequatur numquam enim commodi quam. Veritatis praesentium ipsam inventore praesentium ea voluptas inventore dolorem.\nSimilique itaque harum eius. Quibusdam itaque molestias enim sit veritatis. Dicta in voluptas aperiam eaque quis.\nQuia reprehenderit maxime tempore suscipit in exercitationem amet. Rerum facilis esse placeat omnis hic. Tenetur et praesentium in quo et. In illum sint blanditiis.',6,5,13,0,0,0,'2012-09-01 03:16:41','2015-03-25 02:27:19'),
	(17,'<p>Et aut quia nemo voluptatem. Illum voluptatem dolorem aut.<br>\nExercitationem aut velit sed nostrum et eius. Alias voluptatem incidunt accusantium dolores velit vitae voluptate. Nihil dolores accusamus nisi. Dolores dolorem corporis sint veritatis consequuntur.<br>\nTempore delectus adipisci quia. Itaque natus aut qui voluptatem voluptatem et voluptatum. Perferendis recusandae deleniti consectetur architecto.</p>','Et aut quia nemo voluptatem. Illum voluptatem dolorem aut.\nExercitationem aut velit sed nostrum et eius. Alias voluptatem incidunt accusantium dolores velit vitae voluptate. Nihil dolores accusamus nisi. Dolores dolorem corporis sint veritatis consequuntur.\nTempore delectus adipisci quia. Itaque natus aut qui voluptatem voluptatem et voluptatum. Perferendis recusandae deleniti consectetur architecto.',2,5,13,0,0,0,'2008-05-27 01:04:32','2015-03-25 02:27:19'),
	(18,'<p>Et occaecati nemo voluptatum omnis odit est. Iure cupiditate aliquid enim rerum. Occaecati in et est omnis voluptas. Accusamus exercitationem quia qui magnam sint.<br>\nDignissimos nisi at incidunt excepturi et aut. Facilis ullam dolores eaque odit. Enim tempora incidunt incidunt voluptas perferendis aliquam non. Voluptates voluptas deleniti maxime.<br>\nAssumenda ab consequuntur doloribus nemo. Nihil nihil vel id est. Est exercitationem numquam sint tempore explicabo.</p>','Et occaecati nemo voluptatum omnis odit est. Iure cupiditate aliquid enim rerum. Occaecati in et est omnis voluptas. Accusamus exercitationem quia qui magnam sint.\nDignissimos nisi at incidunt excepturi et aut. Facilis ullam dolores eaque odit. Enim tempora incidunt incidunt voluptas perferendis aliquam non. Voluptates voluptas deleniti maxime.\nAssumenda ab consequuntur doloribus nemo. Nihil nihil vel id est. Est exercitationem numquam sint tempore explicabo.',6,6,16,0,0,0,'2009-09-01 15:11:29','2015-03-25 02:27:23'),
	(19,'<p>Officiis et quo corporis veniam. Odio a eveniet aliquam consectetur hic qui. Corrupti eveniet fuga eos et ut maiores et distinctio. Et qui consequatur laudantium rerum quia aut.<br>\nUt amet necessitatibus beatae saepe. Vel asperiores illo et adipisci autem accusamus eos.<br>\nRepudiandae illo sunt impedit ullam eum ut labore error. Sequi excepturi est et dolore. Incidunt expedita unde doloribus eum quia sunt consequatur quibusdam.</p>','Officiis et quo corporis veniam. Odio a eveniet aliquam consectetur hic qui. Corrupti eveniet fuga eos et ut maiores et distinctio. Et qui consequatur laudantium rerum quia aut.\nUt amet necessitatibus beatae saepe. Vel asperiores illo et adipisci autem accusamus eos.\nRepudiandae illo sunt impedit ullam eum ut labore error. Sequi excepturi est et dolore. Incidunt expedita unde doloribus eum quia sunt consequatur quibusdam.',1,6,16,0,0,0,'2010-09-26 22:02:41','2015-03-25 02:27:23'),
	(20,'<p>Sequi voluptate qui non laboriosam dolor dolorum. Omnis cupiditate velit facilis qui corporis. Exercitationem impedit iure exercitationem eum. Minima laborum ea exercitationem sunt quis nobis.<br>\nConsequatur enim incidunt nesciunt maiores blanditiis magnam. Quos quaerat omnis aspernatur at aut quasi. Vitae fuga sed est aliquid recusandae rerum nihil. Qui ut quia reiciendis aut.</p>','Sequi voluptate qui non laboriosam dolor dolorum. Omnis cupiditate velit facilis qui corporis. Exercitationem impedit iure exercitationem eum. Minima laborum ea exercitationem sunt quis nobis.\nConsequatur enim incidunt nesciunt maiores blanditiis magnam. Quos quaerat omnis aspernatur at aut quasi. Vitae fuga sed est aliquid recusandae rerum nihil. Qui ut quia reiciendis aut.',6,6,17,0,0,0,'2012-01-27 22:42:36','2015-03-25 02:27:24'),
	(21,'<p>Eum sunt ex nisi dolore et eum. In ut quam ut commodi dolore. Nisi et velit reiciendis voluptatem corporis. Quia quod dignissimos autem consectetur autem. Recusandae quod eaque dolore.<br>\nTempore hic ut enim accusantium. Repellat exercitationem est esse odio dignissimos. Velit inventore praesentium sit enim consequatur omnis. Porro quas ut optio non voluptas est.</p>','Eum sunt ex nisi dolore et eum. In ut quam ut commodi dolore. Nisi et velit reiciendis voluptatem corporis. Quia quod dignissimos autem consectetur autem. Recusandae quod eaque dolore.\nTempore hic ut enim accusantium. Repellat exercitationem est esse odio dignissimos. Velit inventore praesentium sit enim consequatur omnis. Porro quas ut optio non voluptas est.',4,7,19,0,0,0,'2006-01-02 22:24:32','2015-03-25 02:27:26'),
	(22,'<p>Quo soluta totam dolor a iure ab quaerat. Nihil aut maiores et distinctio repudiandae voluptate qui. Nostrum aut repellat quas dignissimos dolorum aliquam pariatur. Voluptas ut commodi itaque alias assumenda mollitia.<br>\nSit quia quo corporis ad ut aut. Eum a praesentium autem sint cum occaecati. Necessitatibus doloremque praesentium adipisci et. Tempora dolores repellendus qui ullam modi accusamus.</p>','Quo soluta totam dolor a iure ab quaerat. Nihil aut maiores et distinctio repudiandae voluptate qui. Nostrum aut repellat quas dignissimos dolorum aliquam pariatur. Voluptas ut commodi itaque alias assumenda mollitia.\nSit quia quo corporis ad ut aut. Eum a praesentium autem sint cum occaecati. Necessitatibus doloremque praesentium adipisci et. Tempora dolores repellendus qui ullam modi accusamus.',4,7,19,0,0,0,'2012-03-14 23:25:03','2015-03-25 02:27:26'),
	(23,'<p>Dolorum quas autem sit et dicta est rem alias. Et fuga dolores doloremque est optio est ut. Vel sequi maiores totam quasi.<br>\nImpedit ullam quae deserunt. Officiis minus dolorem excepturi numquam. Laborum accusantium qui officiis praesentium praesentium quidem. Qui officia aut inventore qui debitis aut quibusdam qui.<br>\nNam deserunt error aut quas vel. Qui aut consequatur cumque nisi. Necessitatibus facilis aspernatur ipsa fugiat doloribus et reiciendis. Expedita incidunt delectus omnis a maxime quaerat harum.</p>','Dolorum quas autem sit et dicta est rem alias. Et fuga dolores doloremque est optio est ut. Vel sequi maiores totam quasi.\nImpedit ullam quae deserunt. Officiis minus dolorem excepturi numquam. Laborum accusantium qui officiis praesentium praesentium quidem. Qui officia aut inventore qui debitis aut quibusdam qui.\nNam deserunt error aut quas vel. Qui aut consequatur cumque nisi. Necessitatibus facilis aspernatur ipsa fugiat doloribus et reiciendis. Expedita incidunt delectus omnis a maxime quaerat harum.',6,7,20,0,0,0,'2008-07-30 07:25:08','2015-03-25 02:27:27'),
	(24,'<p>Rem ab qui voluptatibus recusandae. Cumque perferendis ipsa commodi placeat. Distinctio veniam maxime est vero error eos.<br>\nAperiam quam numquam labore aut voluptates consequatur. Possimus aut amet repellendus sunt. Adipisci nisi deleniti et tempora corrupti ab quaerat. Reiciendis rerum nam enim at neque rerum maxime. Est perspiciatis adipisci aperiam voluptatum qui recusandae rem.</p>','Rem ab qui voluptatibus recusandae. Cumque perferendis ipsa commodi placeat. Distinctio veniam maxime est vero error eos.\nAperiam quam numquam labore aut voluptates consequatur. Possimus aut amet repellendus sunt. Adipisci nisi deleniti et tempora corrupti ab quaerat. Reiciendis rerum nam enim at neque rerum maxime. Est perspiciatis adipisci aperiam voluptatum qui recusandae rem.',4,8,21,0,0,0,'2011-08-12 12:15:03','2015-03-25 02:27:28'),
	(25,'<p>Et velit necessitatibus illum excepturi ducimus aut fuga. Accusamus consequuntur nam quis.<br>\nAlias omnis voluptatem commodi corrupti temporibus. Beatae ut voluptatem est aut sequi ut. Vel est quos nisi temporibus.<br>\nEst omnis explicabo veniam libero porro incidunt non quas. Magnam dolores nisi rerum aut eos nemo. Quo enim qui modi sed. Sapiente maiores ullam eveniet sit sit ad.<br>\nIncidunt quibusdam ut maiores recusandae quia et autem. Est et harum sit. Libero hic rerum quo repudiandae quis.</p>','Et velit necessitatibus illum excepturi ducimus aut fuga. Accusamus consequuntur nam quis.\nAlias omnis voluptatem commodi corrupti temporibus. Beatae ut voluptatem est aut sequi ut. Vel est quos nisi temporibus.\nEst omnis explicabo veniam libero porro incidunt non quas. Magnam dolores nisi rerum aut eos nemo. Quo enim qui modi sed. Sapiente maiores ullam eveniet sit sit ad.\nIncidunt quibusdam ut maiores recusandae quia et autem. Est et harum sit. Libero hic rerum quo repudiandae quis.',2,8,22,0,0,0,'2014-12-29 11:46:47','2015-03-25 02:27:30'),
	(26,'<p>Rem sed aspernatur quaerat aut quod. Non aliquid vel totam quis cumque. Laborum nisi ipsam laudantium error tempore sit officiis.<br>\nConsequatur omnis omnis hic omnis ut iusto aut. Temporibus aut nam corrupti sequi et porro. Consequatur id repellendus vel repudiandae. Dolores tempore facilis velit vel.<br>\nRerum quae mollitia sed. At dolor saepe autem explicabo.<br>\nIncidunt eum aut quis sed asperiores autem ut. Accusantium fugiat ullam nisi harum dolor.</p>','Rem sed aspernatur quaerat aut quod. Non aliquid vel totam quis cumque. Laborum nisi ipsam laudantium error tempore sit officiis.\nConsequatur omnis omnis hic omnis ut iusto aut. Temporibus aut nam corrupti sequi et porro. Consequatur id repellendus vel repudiandae. Dolores tempore facilis velit vel.\nRerum quae mollitia sed. At dolor saepe autem explicabo.\nIncidunt eum aut quis sed asperiores autem ut. Accusantium fugiat ullam nisi harum dolor.',3,8,22,0,0,0,'2008-09-29 01:36:38','2015-03-25 02:27:30'),
	(27,'<p>Maxime nam vero repellendus est enim. Dolor unde sint tempore illum fugit. Consequuntur sunt vel laudantium qui quis consectetur dolorum. Repellendus itaque enim numquam est et qui ad.<br>\nConsequuntur ut exercitationem et ab. Sed aut accusamus ut. Maiores culpa nesciunt officiis consequatur explicabo sequi.<br>\nExcepturi officiis aperiam beatae tempore debitis nam sint. Nesciunt accusamus autem nemo dolores. Vero quia fuga voluptatum hic in nulla.</p>','Maxime nam vero repellendus est enim. Dolor unde sint tempore illum fugit. Consequuntur sunt vel laudantium qui quis consectetur dolorum. Repellendus itaque enim numquam est et qui ad.\nConsequuntur ut exercitationem et ab. Sed aut accusamus ut. Maiores culpa nesciunt officiis consequatur explicabo sequi.\nExcepturi officiis aperiam beatae tempore debitis nam sint. Nesciunt accusamus autem nemo dolores. Vero quia fuga voluptatum hic in nulla.',5,8,23,0,0,0,'2009-07-01 04:52:32','2015-03-25 02:27:31'),
	(28,'<p>Aut voluptatem quo et animi quis atque amet. Explicabo deserunt maxime officia. Distinctio molestiae distinctio qui fuga qui. Maiores distinctio facere veniam voluptatem unde quasi.<br>\nPlaceat quam dolorem animi voluptates. Ut sint autem ratione. Sapiente suscipit deleniti quisquam ex. Ut adipisci et necessitatibus quis necessitatibus velit dignissimos.<br>\nAutem provident tempora id. Est nemo est aut quos omnis aut ut.</p>','Aut voluptatem quo et animi quis atque amet. Explicabo deserunt maxime officia. Distinctio molestiae distinctio qui fuga qui. Maiores distinctio facere veniam voluptatem unde quasi.\nPlaceat quam dolorem animi voluptates. Ut sint autem ratione. Sapiente suscipit deleniti quisquam ex. Ut adipisci et necessitatibus quis necessitatibus velit dignissimos.\nAutem provident tempora id. Est nemo est aut quos omnis aut ut.',1,8,23,0,0,0,'2007-09-10 01:50:37','2015-03-25 02:27:31'),
	(29,'<p>Autem qui maxime molestias et eius. Et sint quisquam ut. A aut adipisci rem nesciunt amet magni odio. Ab id rerum voluptatem.<br>\nPlaceat aut sequi dicta repudiandae quod consequatur repudiandae. Dolores eius veritatis laudantium harum recusandae. Sed vitae ut iste aut quisquam sed. Ea animi velit aut quod aliquam ut qui.<br>\nAutem ab delectus aspernatur commodi. Exercitationem voluptas doloremque minima illo. Atque tenetur voluptatum eligendi.</p>','Autem qui maxime molestias et eius. Et sint quisquam ut. A aut adipisci rem nesciunt amet magni odio. Ab id rerum voluptatem.\nPlaceat aut sequi dicta repudiandae quod consequatur repudiandae. Dolores eius veritatis laudantium harum recusandae. Sed vitae ut iste aut quisquam sed. Ea animi velit aut quod aliquam ut qui.\nAutem ab delectus aspernatur commodi. Exercitationem voluptas doloremque minima illo. Atque tenetur voluptatum eligendi.',8,8,23,0,0,0,'2005-04-23 16:20:18','2015-03-25 02:27:31'),
	(30,'<p>Sunt totam illo quisquam praesentium repudiandae aperiam. Nisi voluptate et natus. Velit repellendus fugit praesentium quo quae. Laudantium culpa tenetur aperiam qui. Quo debitis in voluptas in non suscipit.<br>\nIusto voluptas eos aliquid exercitationem quae iste sit quia. Itaque expedita omnis porro alias iusto. Cupiditate fuga sit sequi minus et ducimus temporibus. Porro non sunt non minus voluptatem perferendis iste.</p>','Sunt totam illo quisquam praesentium repudiandae aperiam. Nisi voluptate et natus. Velit repellendus fugit praesentium quo quae. Laudantium culpa tenetur aperiam qui. Quo debitis in voluptas in non suscipit.\nIusto voluptas eos aliquid exercitationem quae iste sit quia. Itaque expedita omnis porro alias iusto. Cupiditate fuga sit sequi minus et ducimus temporibus. Porro non sunt non minus voluptatem perferendis iste.',5,8,24,0,0,0,'2012-06-20 23:54:44','2015-03-25 02:27:32'),
	(31,'<p>Eaque provident earum dicta odio mollitia odit voluptatem unde. Fuga voluptas consequatur illum iure a dolor odio.<br>\nEst et ut eum perspiciatis nesciunt rerum. Maxime facilis eaque vero voluptatem amet occaecati.<br>\nVoluptatem rerum est et voluptates. Aut eaque accusamus illo eos numquam nihil. Unde officia soluta vitae voluptate quibusdam aperiam dolorum. Voluptatem est dolores sit molestiae. Aliquam qui dolore illum aut.</p>','Eaque provident earum dicta odio mollitia odit voluptatem unde. Fuga voluptas consequatur illum iure a dolor odio.\nEst et ut eum perspiciatis nesciunt rerum. Maxime facilis eaque vero voluptatem amet occaecati.\nVoluptatem rerum est et voluptates. Aut eaque accusamus illo eos numquam nihil. Unde officia soluta vitae voluptate quibusdam aperiam dolorum. Voluptatem est dolores sit molestiae. Aliquam qui dolore illum aut.',4,8,24,0,0,0,'2005-04-27 18:07:09','2015-03-25 02:27:32'),
	(32,'<p>Consequatur at eveniet et laborum quam. Commodi distinctio vel quia sit soluta consectetur qui. Iste fugit ex temporibus. Sunt id aut quasi voluptate quas consequatur.<br>\nDolor nam eum numquam numquam blanditiis vel reprehenderit qui. Autem aliquid repellendus aliquid deserunt.</p>','Consequatur at eveniet et laborum quam. Commodi distinctio vel quia sit soluta consectetur qui. Iste fugit ex temporibus. Sunt id aut quasi voluptate quas consequatur.\nDolor nam eum numquam numquam blanditiis vel reprehenderit qui. Autem aliquid repellendus aliquid deserunt.',6,8,24,0,0,0,'2012-05-13 08:50:03','2015-03-25 02:27:32'),
	(33,'<p>Vel ipsa omnis est voluptatem. Accusamus officia et ab iure rerum. Laborum dolor tenetur laudantium.<br>\nEos accusamus ad soluta nihil alias voluptate. Ab sint ducimus velit numquam dolore autem in. Nisi dolorum pariatur alias odit.<br>\nNumquam culpa fuga natus commodi velit consectetur sunt. Quia non est consectetur eum illo animi voluptatibus. Sunt repellendus perferendis cumque. Unde ut tempora dicta nulla.</p>','Vel ipsa omnis est voluptatem. Accusamus officia et ab iure rerum. Laborum dolor tenetur laudantium.\nEos accusamus ad soluta nihil alias voluptate. Ab sint ducimus velit numquam dolore autem in. Nisi dolorum pariatur alias odit.\nNumquam culpa fuga natus commodi velit consectetur sunt. Quia non est consectetur eum illo animi voluptatibus. Sunt repellendus perferendis cumque. Unde ut tempora dicta nulla.',4,8,25,0,0,0,'2007-12-16 05:04:17','2015-03-25 02:27:33'),
	(34,'<p>Cumque quae eos cupiditate veritatis consequuntur ea. Alias eum aliquid fugiat doloribus ut. Necessitatibus minus quia quia. Ipsa recusandae velit cupiditate est sed tenetur.<br>\nMollitia quia ea corrupti assumenda molestiae nam. Est ut maiores blanditiis sit aperiam eaque. Est asperiores qui magni libero minus maiores.<br>\nEt deserunt ipsum veritatis repudiandae est animi voluptatibus. Qui fugit aspernatur sed ducimus a iste. Necessitatibus unde neque est cumque est vero. Quas error velit eos quibusdam.</p>','Cumque quae eos cupiditate veritatis consequuntur ea. Alias eum aliquid fugiat doloribus ut. Necessitatibus minus quia quia. Ipsa recusandae velit cupiditate est sed tenetur.\nMollitia quia ea corrupti assumenda molestiae nam. Est ut maiores blanditiis sit aperiam eaque. Est asperiores qui magni libero minus maiores.\nEt deserunt ipsum veritatis repudiandae est animi voluptatibus. Qui fugit aspernatur sed ducimus a iste. Necessitatibus unde neque est cumque est vero. Quas error velit eos quibusdam.',4,8,25,0,0,0,'2014-12-24 19:55:00','2015-03-25 02:27:33'),
	(35,'<p>Eaque id velit minus facilis veritatis. Dolores unde ut deleniti omnis dolorum pariatur totam. Occaecati et ea aut ea placeat maiores esse dolorem.<br>\nFacere vitae reiciendis ea sed. Et quibusdam voluptates at corrupti alias et.<br>\nFugit ipsum nam dolorem autem et qui. Alias error facilis est hic adipisci maxime odit qui.<br>\nPerferendis assumenda fuga perferendis sunt molestiae adipisci enim. Tempora reprehenderit laboriosam commodi exercitationem. Ut iste et et cupiditate vel aut.</p>','Eaque id velit minus facilis veritatis. Dolores unde ut deleniti omnis dolorum pariatur totam. Occaecati et ea aut ea placeat maiores esse dolorem.\nFacere vitae reiciendis ea sed. Et quibusdam voluptates at corrupti alias et.\nFugit ipsum nam dolorem autem et qui. Alias error facilis est hic adipisci maxime odit qui.\nPerferendis assumenda fuga perferendis sunt molestiae adipisci enim. Tempora reprehenderit laboriosam commodi exercitationem. Ut iste et et cupiditate vel aut.',1,9,26,0,0,0,'2010-10-09 04:56:23','2015-03-25 02:27:34'),
	(36,'<p>Odit provident corrupti voluptatibus vel similique eos labore distinctio. Qui earum dignissimos nostrum sunt. Autem reiciendis voluptates voluptatibus tenetur velit natus dicta. Iusto sint assumenda sunt temporibus non et vero.<br>\nIn provident incidunt architecto et voluptatem accusantium. Sit earum quisquam soluta magni porro vero aut. Iure voluptatem id magnam odio ut expedita enim occaecati.</p>','Odit provident corrupti voluptatibus vel similique eos labore distinctio. Qui earum dignissimos nostrum sunt. Autem reiciendis voluptates voluptatibus tenetur velit natus dicta. Iusto sint assumenda sunt temporibus non et vero.\nIn provident incidunt architecto et voluptatem accusantium. Sit earum quisquam soluta magni porro vero aut. Iure voluptatem id magnam odio ut expedita enim occaecati.',10,9,26,0,0,0,'2007-02-11 17:28:15','2015-03-25 02:27:34'),
	(37,'<p>Laboriosam voluptatibus quia et adipisci. Vitae ut eius fugiat.<br>\nIncidunt ad saepe eveniet voluptas. Eos sit molestiae aspernatur ex iusto rerum. Architecto quo ut deserunt sint molestiae occaecati et et.<br>\nSit reiciendis et doloribus perspiciatis. Cum placeat sint dolores. Perferendis voluptas asperiores numquam est. Omnis quis sequi eligendi labore doloremque veritatis dolore tempore.</p>','Laboriosam voluptatibus quia et adipisci. Vitae ut eius fugiat.\nIncidunt ad saepe eveniet voluptas. Eos sit molestiae aspernatur ex iusto rerum. Architecto quo ut deserunt sint molestiae occaecati et et.\nSit reiciendis et doloribus perspiciatis. Cum placeat sint dolores. Perferendis voluptas asperiores numquam est. Omnis quis sequi eligendi labore doloremque veritatis dolore tempore.',1,9,28,0,0,0,'2007-12-01 02:19:06','2015-03-25 02:27:37'),
	(38,'<p>Voluptas consectetur molestias beatae magnam qui et dicta. Nesciunt in aut et natus sint corporis delectus. Non nihil nemo magnam delectus temporibus.<br>\nArchitecto ea aut eos facilis voluptas corrupti omnis. Cupiditate ipsum consequatur quo. Debitis odio et vero commodi sit. Voluptatem omnis quod perferendis soluta magni.<br>\nConsequuntur ipsum perferendis libero nemo harum. Enim vel rerum aliquam hic. Et est dicta provident ipsum doloribus.</p>','Voluptas consectetur molestias beatae magnam qui et dicta. Nesciunt in aut et natus sint corporis delectus. Non nihil nemo magnam delectus temporibus.\nArchitecto ea aut eos facilis voluptas corrupti omnis. Cupiditate ipsum consequatur quo. Debitis odio et vero commodi sit. Voluptatem omnis quod perferendis soluta magni.\nConsequuntur ipsum perferendis libero nemo harum. Enim vel rerum aliquam hic. Et est dicta provident ipsum doloribus.',2,10,29,0,0,0,'2005-09-12 08:38:01','2015-03-25 02:27:38'),
	(39,'<p>Magnam et eius unde quod rerum excepturi omnis. Excepturi laborum velit cupiditate sunt sed error. Voluptas sit veritatis ea voluptatem voluptate soluta. Labore iure sed dolorem iure omnis nostrum enim.<br>\nEt suscipit a harum consequatur iusto. Maiores illum animi sed non enim quia. Incidunt maxime omnis enim saepe et maxime cumque facere. Autem quaerat aut quasi aliquid assumenda saepe porro. Deserunt nesciunt sit aut dolorum eos.</p>','Magnam et eius unde quod rerum excepturi omnis. Excepturi laborum velit cupiditate sunt sed error. Voluptas sit veritatis ea voluptatem voluptate soluta. Labore iure sed dolorem iure omnis nostrum enim.\nEt suscipit a harum consequatur iusto. Maiores illum animi sed non enim quia. Incidunt maxime omnis enim saepe et maxime cumque facere. Autem quaerat aut quasi aliquid assumenda saepe porro. Deserunt nesciunt sit aut dolorum eos.',5,10,29,0,0,0,'2006-10-25 02:02:46','2015-03-25 02:27:38'),
	(40,'<p>Maiores molestiae beatae quia quos illum et. Dolor culpa et qui.<br>\nExplicabo iste quasi sit dolorem perspiciatis quam dolorem nisi. Facilis ea et ab sed saepe. Laborum veritatis est non laborum veritatis repudiandae.<br>\nEt iure rerum quasi illum omnis. Et distinctio libero qui doloremque.<br>\nMaiores doloribus fugiat nihil delectus. Quia rerum recusandae dolores veritatis numquam et omnis. Beatae dolorum libero eum dolore et exercitationem sit. Consequatur saepe veniam mollitia natus quas voluptatem nobis ut.</p>','Maiores molestiae beatae quia quos illum et. Dolor culpa et qui.\nExplicabo iste quasi sit dolorem perspiciatis quam dolorem nisi. Facilis ea et ab sed saepe. Laborum veritatis est non laborum veritatis repudiandae.\nEt iure rerum quasi illum omnis. Et distinctio libero qui doloremque.\nMaiores doloribus fugiat nihil delectus. Quia rerum recusandae dolores veritatis numquam et omnis. Beatae dolorum libero eum dolore et exercitationem sit. Consequatur saepe veniam mollitia natus quas voluptatem nobis ut.',3,10,30,0,0,0,'2006-09-13 05:00:19','2015-03-25 02:27:38'),
	(41,'<p>Id voluptatem quam excepturi. Sed optio porro dolores vel quas et officia. Voluptas molestiae facilis et a.<br>\nVoluptatibus totam asperiores pariatur eos quia animi aut. Magni et et magni officiis. Qui voluptatem sed eum repellat aut libero consequuntur enim. Est aut dicta quibusdam vitae et.<br>\nPerferendis optio et tempora dolores. Cupiditate aut minima amet saepe. Ad iure doloribus rerum placeat aut et.</p>','Id voluptatem quam excepturi. Sed optio porro dolores vel quas et officia. Voluptas molestiae facilis et a.\nVoluptatibus totam asperiores pariatur eos quia animi aut. Magni et et magni officiis. Qui voluptatem sed eum repellat aut libero consequuntur enim. Est aut dicta quibusdam vitae et.\nPerferendis optio et tempora dolores. Cupiditate aut minima amet saepe. Ad iure doloribus rerum placeat aut et.',1,10,30,0,0,0,'2010-11-21 04:08:49','2015-03-25 02:27:38'),
	(42,'<p>Aliquid hic neque consequatur aut deleniti. Et atque sed sed nihil facere. Officiis sint dolorem laborum at eos. Tempore debitis quia earum veritatis optio.<br>\nVero quaerat excepturi animi et optio. Qui consequatur distinctio expedita ad. Facilis architecto soluta iure voluptas labore. Saepe aspernatur nisi reiciendis odit ea est dolor.<br>\nQuam nihil magnam quidem velit quas non corrupti. Reprehenderit ut repudiandae et rerum. Est veritatis repudiandae sapiente. Consequuntur quas voluptatem et qui sunt officiis.</p>','Aliquid hic neque consequatur aut deleniti. Et atque sed sed nihil facere. Officiis sint dolorem laborum at eos. Tempore debitis quia earum veritatis optio.\nVero quaerat excepturi animi et optio. Qui consequatur distinctio expedita ad. Facilis architecto soluta iure voluptas labore. Saepe aspernatur nisi reiciendis odit ea est dolor.\nQuam nihil magnam quidem velit quas non corrupti. Reprehenderit ut repudiandae et rerum. Est veritatis repudiandae sapiente. Consequuntur quas voluptatem et qui sunt officiis.',2,10,31,0,0,0,'2007-01-21 08:03:17','2015-03-25 02:27:39'),
	(43,'<p>Mollitia maxime corrupti accusamus exercitationem ut reiciendis. Voluptas sequi exercitationem est omnis illum et. Voluptates aperiam aliquid architecto nobis unde. Voluptas accusantium officiis sed eligendi laboriosam voluptas.</p>','Mollitia maxime corrupti accusamus exercitationem ut reiciendis. Voluptas sequi exercitationem est omnis illum et. Voluptates aperiam aliquid architecto nobis unde. Voluptas accusantium officiis sed eligendi laboriosam voluptas.',3,10,31,0,0,0,'2006-02-06 13:34:38','2015-03-25 02:27:39'),
	(44,'<p>Vero necessitatibus ad eaque atque. Facilis dolorem voluptates et reprehenderit et nulla dolorum et. Atque dignissimos voluptatibus et placeat praesentium. Vel molestias praesentium esse reiciendis perspiciatis veritatis aliquam. Neque magni magni placeat deleniti.<br>\nEst fuga illo non ratione perferendis. Mollitia asperiores nisi et consequuntur. Sunt deserunt nam ut velit. Tempora eum aut culpa reprehenderit quod. Et unde quis corrupti aut quisquam.</p>','Vero necessitatibus ad eaque atque. Facilis dolorem voluptates et reprehenderit et nulla dolorum et. Atque dignissimos voluptatibus et placeat praesentium. Vel molestias praesentium esse reiciendis perspiciatis veritatis aliquam. Neque magni magni placeat deleniti.\nEst fuga illo non ratione perferendis. Mollitia asperiores nisi et consequuntur. Sunt deserunt nam ut velit. Tempora eum aut culpa reprehenderit quod. Et unde quis corrupti aut quisquam.',4,10,31,0,0,0,'2008-09-29 13:05:35','2015-03-25 02:27:39');
ALTER TABLE `comments` ENABLE KEYS;
UNLOCK TABLES;


LOCK TABLES `comment_replies` WRITE;
ALTER TABLE `comment_replies` DISABLE KEYS;
INSERT INTO `comment_replies` (`id`, `text`, `text_source`, `user_id`, `group_id`, `content_id`, `parent_id`, `uv`, `dv`, `score`, `created_at`, `updated_at`) VALUES 
	(1,'<p>Eligendi sunt est tempora et quam quibusdam fugiat. Autem at neque tenetur vitae tenetur soluta culpa officia. Modi voluptatibus ipsum et eius esse id.<br>\nSuscipit accusantium nesciunt velit dolor in deserunt id. Qui saepe et voluptatem et. Magni at fugit enim delectus ex cumque aut est.<br>\nTenetur vero alias minima reiciendis. Ipsam occaecati asperiores mollitia nulla praesentium eum deserunt ut. Quasi amet nihil explicabo cupiditate dolor.</p>','Eligendi sunt est tempora et quam quibusdam fugiat. Autem at neque tenetur vitae tenetur soluta culpa officia. Modi voluptatibus ipsum et eius esse id.\nSuscipit accusantium nesciunt velit dolor in deserunt id. Qui saepe et voluptatem et. Magni at fugit enim delectus ex cumque aut est.\nTenetur vero alias minima reiciendis. Ipsam occaecati asperiores mollitia nulla praesentium eum deserunt ut. Quasi amet nihil explicabo cupiditate dolor.',3,1,1,1,0,0,0,'2012-04-06 06:13:54','2015-03-25 02:27:06'),
	(2,'<p>Quia vel illum error quidem. Accusamus harum et a voluptatibus qui harum qui. Minima non dolorum quod voluptas consequatur non. Et porro nisi quasi sed.<br>\nVitae est quia enim ut eum. Adipisci laudantium enim omnis possimus. Nulla ad ut sit placeat.<br>\nQuae nam inventore velit nobis libero error distinctio. Nemo cumque et omnis est rem debitis nostrum. Corporis sapiente velit incidunt.<br>\nDistinctio fuga debitis odit culpa modi velit quisquam. Optio id harum tempora adipisci.</p>','Quia vel illum error quidem. Accusamus harum et a voluptatibus qui harum qui. Minima non dolorum quod voluptas consequatur non. Et porro nisi quasi sed.\nVitae est quia enim ut eum. Adipisci laudantium enim omnis possimus. Nulla ad ut sit placeat.\nQuae nam inventore velit nobis libero error distinctio. Nemo cumque et omnis est rem debitis nostrum. Corporis sapiente velit incidunt.\nDistinctio fuga debitis odit culpa modi velit quisquam. Optio id harum tempora adipisci.',2,1,1,1,0,0,0,'2010-11-29 11:22:09','2015-03-25 02:27:06'),
	(3,'<p>Nam et culpa voluptatem optio distinctio eius. Excepturi non explicabo sit praesentium. Assumenda neque corporis repudiandae deserunt.<br>\nSed maxime eligendi maxime sint est. Omnis voluptatem laboriosam quaerat accusantium ab sint. Quas quisquam ipsa tempore velit adipisci blanditiis.<br>\nSed repellendus dolores pariatur animi illo. Ab vero beatae ut et maiores sed illum voluptatem. Veniam dolor magni atque. Quia voluptas mollitia rem quo vitae ut.</p>','Nam et culpa voluptatem optio distinctio eius. Excepturi non explicabo sit praesentium. Assumenda neque corporis repudiandae deserunt.\nSed maxime eligendi maxime sint est. Omnis voluptatem laboriosam quaerat accusantium ab sint. Quas quisquam ipsa tempore velit adipisci blanditiis.\nSed repellendus dolores pariatur animi illo. Ab vero beatae ut et maiores sed illum voluptatem. Veniam dolor magni atque. Quia voluptas mollitia rem quo vitae ut.',1,1,1,2,0,0,0,'2012-01-19 09:55:40','2015-03-25 02:27:06'),
	(4,'<p>Quis quod quia eum qui. Eos id deserunt voluptatibus deserunt modi nulla nesciunt. Veniam iure dolorum libero pariatur pariatur repudiandae sed.<br>\nVelit soluta porro blanditiis et. Nihil in porro itaque et. Omnis odio occaecati vero.<br>\nConsectetur aut voluptas et impedit doloribus ut sunt. Quam quia numquam perspiciatis. Quis sit quas fugiat.<br>\nDolor veritatis consectetur autem. Officiis consequatur rerum eos ut voluptatem dicta. Voluptas officiis velit vitae. Pariatur aperiam exercitationem dolore cum ipsa.</p>','Quis quod quia eum qui. Eos id deserunt voluptatibus deserunt modi nulla nesciunt. Veniam iure dolorum libero pariatur pariatur repudiandae sed.\nVelit soluta porro blanditiis et. Nihil in porro itaque et. Omnis odio occaecati vero.\nConsectetur aut voluptas et impedit doloribus ut sunt. Quam quia numquam perspiciatis. Quis sit quas fugiat.\nDolor veritatis consectetur autem. Officiis consequatur rerum eos ut voluptatem dicta. Voluptas officiis velit vitae. Pariatur aperiam exercitationem dolore cum ipsa.',2,1,1,2,0,0,0,'2009-03-26 00:50:37','2015-03-25 02:27:06'),
	(5,'<p>Ratione voluptas distinctio non placeat ducimus. Temporibus ea sit enim unde rerum omnis. Voluptatum culpa sunt numquam molestiae nisi.<br>\nConsequuntur mollitia dolorem at nostrum aut adipisci quo. Numquam non tenetur magni provident a. Tenetur quidem suscipit quia architecto. Et et quis autem reprehenderit recusandae enim.<br>\nVitae sed consequuntur repudiandae illum et. Nulla sint enim quo sit quam. Quo nihil modi odit itaque ab et quasi.</p>','Ratione voluptas distinctio non placeat ducimus. Temporibus ea sit enim unde rerum omnis. Voluptatum culpa sunt numquam molestiae nisi.\nConsequuntur mollitia dolorem at nostrum aut adipisci quo. Numquam non tenetur magni provident a. Tenetur quidem suscipit quia architecto. Et et quis autem reprehenderit recusandae enim.\nVitae sed consequuntur repudiandae illum et. Nulla sint enim quo sit quam. Quo nihil modi odit itaque ab et quasi.',1,1,1,2,0,0,0,'2007-04-10 20:43:38','2015-03-25 02:27:06'),
	(6,'<p>Quod in veniam nihil consequatur. Ipsam ipsum tempora ut est veniam.<br>\nLaborum sequi autem quo voluptatem et. Atque odit non eos aut et nam sequi. Et est quia natus praesentium reiciendis non consequatur.<br>\nMagnam voluptatibus autem facere beatae. Et illum eum adipisci error neque qui esse. Dicta voluptatem sit dicta. Dolor possimus cupiditate aperiam ut velit architecto quis.</p>','Quod in veniam nihil consequatur. Ipsam ipsum tempora ut est veniam.\nLaborum sequi autem quo voluptatem et. Atque odit non eos aut et nam sequi. Et est quia natus praesentium reiciendis non consequatur.\nMagnam voluptatibus autem facere beatae. Et illum eum adipisci error neque qui esse. Dicta voluptatem sit dicta. Dolor possimus cupiditate aperiam ut velit architecto quis.',2,2,4,3,0,0,0,'2014-05-09 14:39:44','2015-03-25 02:27:10'),
	(7,'<p>Sint et harum adipisci. Non velit ut quis quae rerum in. Eligendi qui et sed error iusto explicabo. Dolorem et eveniet enim recusandae.<br>\nQuisquam voluptatibus minima eaque eum. Minima eum consectetur ut eos. Totam eos sit voluptates odit in velit. Beatae dignissimos nobis quia qui. Quam incidunt nisi tenetur quia.<br>\nVoluptatum reprehenderit eligendi velit repellendus ullam. Unde ratione labore rem rerum qui laboriosam.</p>','Sint et harum adipisci. Non velit ut quis quae rerum in. Eligendi qui et sed error iusto explicabo. Dolorem et eveniet enim recusandae.\nQuisquam voluptatibus minima eaque eum. Minima eum consectetur ut eos. Totam eos sit voluptates odit in velit. Beatae dignissimos nobis quia qui. Quam incidunt nisi tenetur quia.\nVoluptatum reprehenderit eligendi velit repellendus ullam. Unde ratione labore rem rerum qui laboriosam.',2,2,4,3,0,0,0,'2009-12-05 06:21:03','2015-03-25 02:27:10'),
	(8,'<p>Ex ea quaerat perferendis voluptates et maiores. Beatae nisi voluptatem aut sit libero. Commodi et cumque saepe repellendus voluptates quasi. Placeat eligendi eligendi assumenda.<br>\nFugit magni enim molestiae qui. Nihil quia consequatur maiores adipisci est ipsa officia. Velit vel explicabo repudiandae ea qui.<br>\nSoluta ullam odit nam dolor nihil. Architecto dolores sit corrupti unde repudiandae qui ea voluptatem. Ut ut expedita ea ducimus. Asperiores repellat ratione adipisci natus.</p>','Ex ea quaerat perferendis voluptates et maiores. Beatae nisi voluptatem aut sit libero. Commodi et cumque saepe repellendus voluptates quasi. Placeat eligendi eligendi assumenda.\nFugit magni enim molestiae qui. Nihil quia consequatur maiores adipisci est ipsa officia. Velit vel explicabo repudiandae ea qui.\nSoluta ullam odit nam dolor nihil. Architecto dolores sit corrupti unde repudiandae qui ea voluptatem. Ut ut expedita ea ducimus. Asperiores repellat ratione adipisci natus.',3,2,4,3,0,0,0,'2010-01-18 05:01:00','2015-03-25 02:27:10'),
	(9,'<p>Fugiat voluptatem eum deleniti ratione aut ipsa enim. Odit est repellat a ducimus ex dolorem porro iste. Qui blanditiis sapiente quasi repellendus ipsum. Minima et saepe et ut.<br>\nTempora eaque eveniet soluta facere magnam. At nisi nam ab ut dolores consequuntur. Quia enim aut impedit ipsa cupiditate.<br>\nExercitationem sed vero qui sapiente. Dicta culpa ad enim molestiae. Numquam maxime doloremque qui corporis.</p>','Fugiat voluptatem eum deleniti ratione aut ipsa enim. Odit est repellat a ducimus ex dolorem porro iste. Qui blanditiis sapiente quasi repellendus ipsum. Minima et saepe et ut.\nTempora eaque eveniet soluta facere magnam. At nisi nam ab ut dolores consequuntur. Quia enim aut impedit ipsa cupiditate.\nExercitationem sed vero qui sapiente. Dicta culpa ad enim molestiae. Numquam maxime doloremque qui corporis.',1,2,4,4,0,0,0,'2013-05-15 20:32:08','2015-03-25 02:27:10'),
	(10,'<p>Assumenda possimus occaecati culpa sed optio. Ipsam incidunt modi est odit. Et vel delectus ea ut.<br>\nIpsum eligendi neque ullam esse sit necessitatibus. Et vero aperiam et voluptas quos sint. Non occaecati perspiciatis labore totam ad. Atque non dolor fuga eos quia qui dolorem.<br>\nAut illum ipsam omnis. Quia voluptas voluptas modi numquam earum nihil fugiat. At dicta voluptas vel quae sapiente.</p>','Assumenda possimus occaecati culpa sed optio. Ipsam incidunt modi est odit. Et vel delectus ea ut.\nIpsum eligendi neque ullam esse sit necessitatibus. Et vero aperiam et voluptas quos sint. Non occaecati perspiciatis labore totam ad. Atque non dolor fuga eos quia qui dolorem.\nAut illum ipsam omnis. Quia voluptas voluptas modi numquam earum nihil fugiat. At dicta voluptas vel quae sapiente.',1,2,4,4,0,0,0,'2010-10-11 19:45:09','2015-03-25 02:27:10'),
	(11,'<p>Asperiores autem qui quod quibusdam quis ratione placeat. Esse aut quia laboriosam voluptatum odio ipsum et. Voluptatum excepturi dolor vitae quo eum. Odit ut veritatis mollitia explicabo in corrupti et.<br>\nFugit velit et quibusdam aliquam. Repudiandae nulla reiciendis quia aspernatur dolorem consequatur molestiae. Doloremque aut dolorem magni sit ea recusandae. Tempora qui sed nobis saepe dolorem doloremque aspernatur ullam.</p>','Asperiores autem qui quod quibusdam quis ratione placeat. Esse aut quia laboriosam voluptatum odio ipsum et. Voluptatum excepturi dolor vitae quo eum. Odit ut veritatis mollitia explicabo in corrupti et.\nFugit velit et quibusdam aliquam. Repudiandae nulla reiciendis quia aspernatur dolorem consequatur molestiae. Doloremque aut dolorem magni sit ea recusandae. Tempora qui sed nobis saepe dolorem doloremque aspernatur ullam.',3,2,6,6,0,0,0,'2008-01-26 03:05:48','2015-03-25 02:27:11'),
	(12,'<p>Doloremque accusantium nemo rerum. Pariatur quidem repellat iusto quia.<br>\nQuos illo ut eum minus voluptas atque. Sint sit beatae molestias nisi eligendi voluptates. Et est ad voluptatum dolor exercitationem sequi sit.<br>\nVel quisquam distinctio incidunt et nihil. Aut perferendis qui cum quia. Quia incidunt odit omnis nihil saepe ut. Sunt voluptatem sapiente amet alias amet aperiam.</p>','Doloremque accusantium nemo rerum. Pariatur quidem repellat iusto quia.\nQuos illo ut eum minus voluptas atque. Sint sit beatae molestias nisi eligendi voluptates. Et est ad voluptatum dolor exercitationem sequi sit.\nVel quisquam distinctio incidunt et nihil. Aut perferendis qui cum quia. Quia incidunt odit omnis nihil saepe ut. Sunt voluptatem sapiente amet alias amet aperiam.',2,2,6,7,0,0,0,'2014-03-12 06:36:45','2015-03-25 02:27:11'),
	(13,'<p>Quia accusantium corrupti nulla dolore rem. Facilis corporis a aliquam omnis voluptas delectus et dolor. Aut architecto architecto quia maiores est et autem.<br>\nImpedit culpa eos corporis doloribus. Sed numquam voluptatem provident commodi eligendi veritatis nam non. Officia nisi quia dolore dolorem quod nemo eos minima.</p>','Quia accusantium corrupti nulla dolore rem. Facilis corporis a aliquam omnis voluptas delectus et dolor. Aut architecto architecto quia maiores est et autem.\nImpedit culpa eos corporis doloribus. Sed numquam voluptatem provident commodi eligendi veritatis nam non. Officia nisi quia dolore dolorem quod nemo eos minima.',1,2,6,7,0,0,0,'2010-09-09 09:42:11','2015-03-25 02:27:11'),
	(14,'<p>Iusto commodi ut doloribus doloremque minima qui aliquam. Eos et quaerat quibusdam sint. Est natus iusto veniam voluptatem quibusdam culpa molestiae ut. Placeat nihil necessitatibus et consectetur sed suscipit.<br>\nAtque a iure voluptatum deserunt nihil. Et cumque aperiam qui et consequatur assumenda aspernatur. Eum id accusantium quae excepturi officia voluptatum molestiae.</p>','Iusto commodi ut doloribus doloremque minima qui aliquam. Eos et quaerat quibusdam sint. Est natus iusto veniam voluptatem quibusdam culpa molestiae ut. Placeat nihil necessitatibus et consectetur sed suscipit.\nAtque a iure voluptatum deserunt nihil. Et cumque aperiam qui et consequatur assumenda aspernatur. Eum id accusantium quae excepturi officia voluptatum molestiae.',1,2,6,7,0,0,0,'2009-06-07 16:25:30','2015-03-25 02:27:11'),
	(15,'<p>Et error et ipsa. Voluptatem ea laborum reiciendis omnis reprehenderit.<br>\nQuia qui pariatur ex. Delectus nam est possimus optio provident praesentium excepturi. Nisi dolores atque excepturi.<br>\nSunt eaque placeat sunt ducimus qui. Eaque suscipit distinctio velit commodi voluptate. Quis impedit assumenda similique eveniet necessitatibus. Iusto voluptatem ut sequi et sunt asperiores dolores.</p>','Et error et ipsa. Voluptatem ea laborum reiciendis omnis reprehenderit.\nQuia qui pariatur ex. Delectus nam est possimus optio provident praesentium excepturi. Nisi dolores atque excepturi.\nSunt eaque placeat sunt ducimus qui. Eaque suscipit distinctio velit commodi voluptate. Quis impedit assumenda similique eveniet necessitatibus. Iusto voluptatem ut sequi et sunt asperiores dolores.',1,3,7,9,0,0,0,'2010-11-21 04:00:18','2015-03-25 02:27:12'),
	(16,'<p>Sit aut esse rerum omnis saepe. Facilis maxime ut voluptas ullam dolorem. Et enim et quia dolores illum repellendus dignissimos. Et accusamus quia officia repudiandae.<br>\nUt cum vel ad velit architecto impedit ad repudiandae. Quo blanditiis praesentium laborum sapiente. Eum et cum vel.<br>\nArchitecto nostrum esse enim quas eligendi quibusdam reprehenderit. Vero unde tempore molestias ut reiciendis rerum. Vel omnis voluptas animi asperiores.</p>','Sit aut esse rerum omnis saepe. Facilis maxime ut voluptas ullam dolorem. Et enim et quia dolores illum repellendus dignissimos. Et accusamus quia officia repudiandae.\nUt cum vel ad velit architecto impedit ad repudiandae. Quo blanditiis praesentium laborum sapiente. Eum et cum vel.\nArchitecto nostrum esse enim quas eligendi quibusdam reprehenderit. Vero unde tempore molestias ut reiciendis rerum. Vel omnis voluptas animi asperiores.',4,3,7,9,0,0,0,'2006-12-10 15:26:01','2015-03-25 02:27:12'),
	(17,'<p>Voluptas similique maxime ratione est occaecati inventore officia facilis. Aut fuga praesentium cumque commodi magnam. In quod consequatur laborum id corrupti nesciunt rerum id. Beatae autem magni dolorem labore repudiandae sit vel. Sint qui quo alias sint suscipit.<br>\nDoloremque quia sapiente sapiente voluptas et nostrum velit. Ut nemo sit maiores et. Et saepe occaecati fuga.</p>','Voluptas similique maxime ratione est occaecati inventore officia facilis. Aut fuga praesentium cumque commodi magnam. In quod consequatur laborum id corrupti nesciunt rerum id. Beatae autem magni dolorem labore repudiandae sit vel. Sint qui quo alias sint suscipit.\nDoloremque quia sapiente sapiente voluptas et nostrum velit. Ut nemo sit maiores et. Et saepe occaecati fuga.',1,3,7,9,0,0,0,'2006-02-28 22:57:55','2015-03-25 02:27:12'),
	(18,'<p>At iste reiciendis saepe ipsam quis occaecati facilis. Voluptates id quia autem placeat molestiae autem.<br>\nQuam illo sunt nihil architecto. Facere necessitatibus enim autem animi quisquam modi. Tempora consectetur odit sit dolores qui similique et.<br>\nRecusandae rerum nisi nihil impedit a quia nihil iste. Omnis possimus consequatur rerum earum.<br>\nLaboriosam illo ab ut enim dolores. Suscipit incidunt aliquid distinctio numquam molestias voluptas nulla. Autem eos suscipit aliquid in sit.</p>','At iste reiciendis saepe ipsam quis occaecati facilis. Voluptates id quia autem placeat molestiae autem.\nQuam illo sunt nihil architecto. Facere necessitatibus enim autem animi quisquam modi. Tempora consectetur odit sit dolores qui similique et.\nRecusandae rerum nisi nihil impedit a quia nihil iste. Omnis possimus consequatur rerum earum.\nLaboriosam illo ab ut enim dolores. Suscipit incidunt aliquid distinctio numquam molestias voluptas nulla. Autem eos suscipit aliquid in sit.',4,3,10,13,0,0,0,'2014-03-26 16:04:07','2015-03-25 02:27:16'),
	(19,'<p>Sed et dolor repudiandae molestiae officia qui. A aut voluptatibus similique eveniet modi. Harum natus aut qui sint sed at. Maiores est quo accusantium voluptatem consequatur. Sint qui velit numquam odit et earum porro animi.<br>\nOdio ipsam voluptas doloremque est dolore ea fugiat nulla. Sit eos nisi debitis pariatur soluta ut laboriosam. Eveniet rerum at facere atque sit dolores in qui. Facilis consequatur voluptatibus magnam non illo in vel.</p>','Sed et dolor repudiandae molestiae officia qui. A aut voluptatibus similique eveniet modi. Harum natus aut qui sint sed at. Maiores est quo accusantium voluptatem consequatur. Sint qui velit numquam odit et earum porro animi.\nOdio ipsam voluptas doloremque est dolore ea fugiat nulla. Sit eos nisi debitis pariatur soluta ut laboriosam. Eveniet rerum at facere atque sit dolores in qui. Facilis consequatur voluptatibus magnam non illo in vel.',5,5,13,16,0,0,0,'2011-06-30 07:39:31','2015-03-25 02:27:19'),
	(20,'<p>Dolor dignissimos dolore et. Asperiores consequuntur voluptas similique sint eligendi. Ut dolor est ipsum officiis.<br>\nMolestiae corrupti voluptates explicabo et quia repellendus est. Ea ex sed aut omnis non nisi exercitationem praesentium. Asperiores sit hic ad numquam et expedita est. Et alias quo eius optio.<br>\nExpedita est possimus voluptas ipsa corporis rerum distinctio. Voluptas nesciunt rerum ut sed rerum. Omnis maxime sint autem voluptates. Voluptas est eum amet sit iste labore officia consequatur.</p>','Dolor dignissimos dolore et. Asperiores consequuntur voluptas similique sint eligendi. Ut dolor est ipsum officiis.\nMolestiae corrupti voluptates explicabo et quia repellendus est. Ea ex sed aut omnis non nisi exercitationem praesentium. Asperiores sit hic ad numquam et expedita est. Et alias quo eius optio.\nExpedita est possimus voluptas ipsa corporis rerum distinctio. Voluptas nesciunt rerum ut sed rerum. Omnis maxime sint autem voluptates. Voluptas est eum amet sit iste labore officia consequatur.',2,5,13,16,0,0,0,'2014-07-04 21:28:03','2015-03-25 02:27:19'),
	(21,'<p>Quibusdam vel sunt deleniti. Pariatur rerum harum fugit minus. Labore dolores a animi non magni.<br>\nExercitationem sed quibusdam consequatur ut. Quibusdam architecto vel vel deserunt. Ut et dicta velit provident eligendi.<br>\nFuga velit repellat labore quo recusandae. Labore corrupti ullam est ut corporis. Praesentium quia alias optio illum quod quam provident autem. Corrupti impedit sed id at omnis.<br>\nEt aliquam ea dolores aliquam porro maxime. In et eos aut tenetur quos dolorem ad. Sequi omnis tempora enim nihil.</p>','Quibusdam vel sunt deleniti. Pariatur rerum harum fugit minus. Labore dolores a animi non magni.\nExercitationem sed quibusdam consequatur ut. Quibusdam architecto vel vel deserunt. Ut et dicta velit provident eligendi.\nFuga velit repellat labore quo recusandae. Labore corrupti ullam est ut corporis. Praesentium quia alias optio illum quod quam provident autem. Corrupti impedit sed id at omnis.\nEt aliquam ea dolores aliquam porro maxime. In et eos aut tenetur quos dolorem ad. Sequi omnis tempora enim nihil.',2,5,13,17,0,0,0,'2006-01-28 20:52:09','2015-03-25 02:27:19'),
	(22,'<p>Possimus accusantium voluptas est asperiores molestias. Facere sunt aut ea omnis. Consequatur voluptas pariatur molestias.<br>\nEt enim commodi et saepe tempora sunt id. Sit ut aliquid quaerat non magni ut autem. Atque nostrum itaque consequuntur nihil. Non sapiente ut facere.<br>\nRerum dolorem rem molestiae illo facere explicabo quam. Minima voluptas at qui nam sequi. Magnam illum qui aperiam dignissimos necessitatibus temporibus perferendis ut. Velit tempore tenetur eveniet. Sint suscipit neque id alias sint.</p>','Possimus accusantium voluptas est asperiores molestias. Facere sunt aut ea omnis. Consequatur voluptas pariatur molestias.\nEt enim commodi et saepe tempora sunt id. Sit ut aliquid quaerat non magni ut autem. Atque nostrum itaque consequuntur nihil. Non sapiente ut facere.\nRerum dolorem rem molestiae illo facere explicabo quam. Minima voluptas at qui nam sequi. Magnam illum qui aperiam dignissimos necessitatibus temporibus perferendis ut. Velit tempore tenetur eveniet. Sint suscipit neque id alias sint.',5,5,13,17,0,0,0,'2013-04-26 12:34:07','2015-03-25 02:27:19'),
	(23,'<p>Aut fuga ducimus voluptas vitae minima excepturi fugiat. Explicabo vero nesciunt perspiciatis. Atque sunt et at dolorem et suscipit aut.<br>\nNam sed sit quia ullam quia reiciendis neque. Sit veniam a reprehenderit itaque eum. Esse aperiam officiis aut optio magnam totam. Quibusdam ut repellendus aperiam dicta rerum et aliquam.</p>','Aut fuga ducimus voluptas vitae minima excepturi fugiat. Explicabo vero nesciunt perspiciatis. Atque sunt et at dolorem et suscipit aut.\nNam sed sit quia ullam quia reiciendis neque. Sit veniam a reprehenderit itaque eum. Esse aperiam officiis aut optio magnam totam. Quibusdam ut repellendus aperiam dicta rerum et aliquam.',4,5,13,17,0,0,0,'2014-05-05 09:23:09','2015-03-25 02:27:19'),
	(24,'<p>Corporis odit dolores et odio. Voluptatem repudiandae quis possimus est saepe. Laudantium magnam et nam mollitia quis in. Voluptas illum vel ea ut ad molestias dolor. Sequi minus vitae ut eos non eum.<br>\nSimilique vitae repudiandae rerum aut omnis recusandae. Sapiente quaerat beatae officia voluptas. Ut maxime doloremque ea a.<br>\nEarum aut aut laborum perspiciatis numquam dolores. Praesentium qui fugiat et quia. Iusto blanditiis ut et est fugiat. Vitae accusantium aut repudiandae libero omnis voluptas.</p>','Corporis odit dolores et odio. Voluptatem repudiandae quis possimus est saepe. Laudantium magnam et nam mollitia quis in. Voluptas illum vel ea ut ad molestias dolor. Sequi minus vitae ut eos non eum.\nSimilique vitae repudiandae rerum aut omnis recusandae. Sapiente quaerat beatae officia voluptas. Ut maxime doloremque ea a.\nEarum aut aut laborum perspiciatis numquam dolores. Praesentium qui fugiat et quia. Iusto blanditiis ut et est fugiat. Vitae accusantium aut repudiandae libero omnis voluptas.',1,6,16,18,0,0,0,'2009-05-19 06:09:48','2015-03-25 02:27:23'),
	(25,'<p>Inventore accusantium natus atque non nobis beatae iste. Delectus quo voluptate corrupti omnis culpa ratione maiores. Consectetur atque quaerat ullam ullam non.<br>\nQuo cum quia odio esse voluptatem. Fugiat officiis dolorem accusamus. Repudiandae adipisci natus ducimus facilis aut qui dolorem. Iusto itaque laborum odio incidunt possimus.<br>\nConsectetur quis illo aut quod labore. Facere ut dolorem eum labore aspernatur unde. Illo aut error quisquam debitis. Sint veritatis vel hic ut assumenda aliquid soluta.</p>','Inventore accusantium natus atque non nobis beatae iste. Delectus quo voluptate corrupti omnis culpa ratione maiores. Consectetur atque quaerat ullam ullam non.\nQuo cum quia odio esse voluptatem. Fugiat officiis dolorem accusamus. Repudiandae adipisci natus ducimus facilis aut qui dolorem. Iusto itaque laborum odio incidunt possimus.\nConsectetur quis illo aut quod labore. Facere ut dolorem eum labore aspernatur unde. Illo aut error quisquam debitis. Sint veritatis vel hic ut assumenda aliquid soluta.',3,6,16,19,0,0,0,'2009-12-25 03:28:23','2015-03-25 02:27:23'),
	(26,'<p>Neque qui consectetur natus nesciunt quos autem voluptatem. Sed voluptatibus blanditiis sunt porro natus autem soluta. Dolor officiis earum molestiae veritatis voluptatum tenetur.<br>\nEst eius voluptas aut dolor totam sint. Doloremque expedita et delectus quia ut ducimus recusandae. Voluptatem optio sit alias. Magni numquam et qui commodi praesentium.</p>','Neque qui consectetur natus nesciunt quos autem voluptatem. Sed voluptatibus blanditiis sunt porro natus autem soluta. Dolor officiis earum molestiae veritatis voluptatum tenetur.\nEst eius voluptas aut dolor totam sint. Doloremque expedita et delectus quia ut ducimus recusandae. Voluptatem optio sit alias. Magni numquam et qui commodi praesentium.',1,6,17,20,0,0,0,'2010-11-01 16:47:30','2015-03-25 02:27:24'),
	(27,'<p>Quo nostrum necessitatibus ut vitae nihil. Dicta ut numquam error iste. Ut suscipit voluptatem dignissimos voluptas dolorem. Ab tenetur ipsum minima provident similique sed et.<br>\nRem quae non mollitia consequuntur aliquam in magnam tempora. Et culpa repudiandae non expedita facilis ratione quidem.</p>','Quo nostrum necessitatibus ut vitae nihil. Dicta ut numquam error iste. Ut suscipit voluptatem dignissimos voluptas dolorem. Ab tenetur ipsum minima provident similique sed et.\nRem quae non mollitia consequuntur aliquam in magnam tempora. Et culpa repudiandae non expedita facilis ratione quidem.',6,6,17,20,0,0,0,'2010-10-13 08:28:55','2015-03-25 02:27:24'),
	(28,'<p>Delectus nemo maxime perspiciatis impedit ratione laborum ipsa. Recusandae earum aut aut non voluptatem vero ipsam quod. Beatae sint accusamus qui quo autem deserunt deleniti.<br>\nIpsam quam enim blanditiis reiciendis repellendus assumenda. Suscipit dicta sit esse quia enim voluptate quisquam aperiam.<br>\nRepellendus assumenda et non dignissimos atque nemo. Distinctio fugit quibusdam velit molestiae dicta. Cum et aspernatur nostrum rerum sapiente et nihil.</p>','Delectus nemo maxime perspiciatis impedit ratione laborum ipsa. Recusandae earum aut aut non voluptatem vero ipsam quod. Beatae sint accusamus qui quo autem deserunt deleniti.\nIpsam quam enim blanditiis reiciendis repellendus assumenda. Suscipit dicta sit esse quia enim voluptate quisquam aperiam.\nRepellendus assumenda et non dignissimos atque nemo. Distinctio fugit quibusdam velit molestiae dicta. Cum et aspernatur nostrum rerum sapiente et nihil.',1,7,19,21,0,0,0,'2007-04-02 22:47:52','2015-03-25 02:27:26'),
	(29,'<p>Aliquid dolor minus nisi et amet perferendis. Nemo consequuntur fugit recusandae veritatis deleniti sit id. Facere et soluta unde aut totam libero deleniti iste. Est officiis similique qui sunt doloribus voluptatibus non.<br>\nConsequuntur dolores laboriosam dolor ullam cumque. Error beatae id vitae consequatur quod molestiae et. Nam sed sint distinctio laborum. Quisquam adipisci amet sequi laborum nihil.</p>','Aliquid dolor minus nisi et amet perferendis. Nemo consequuntur fugit recusandae veritatis deleniti sit id. Facere et soluta unde aut totam libero deleniti iste. Est officiis similique qui sunt doloribus voluptatibus non.\nConsequuntur dolores laboriosam dolor ullam cumque. Error beatae id vitae consequatur quod molestiae et. Nam sed sint distinctio laborum. Quisquam adipisci amet sequi laborum nihil.',4,7,19,21,0,0,0,'2011-10-26 20:00:09','2015-03-25 02:27:26'),
	(30,'<p>Eos perferendis quas et suscipit reprehenderit. Beatae soluta eaque quia qui mollitia. Id ut omnis reprehenderit odio quia deserunt non assumenda.<br>\nConsequatur id incidunt eius dignissimos et. Ut sit eum quaerat. Et adipisci commodi soluta.<br>\nSint qui in iure libero ex doloremque provident quasi. Quidem assumenda similique ea quod libero. Eos officiis consequatur optio repudiandae eos. Accusantium vel animi itaque eaque.<br>\nQuod officiis labore distinctio voluptatibus vitae dicta id. Non sed et non rerum.</p>','Eos perferendis quas et suscipit reprehenderit. Beatae soluta eaque quia qui mollitia. Id ut omnis reprehenderit odio quia deserunt non assumenda.\nConsequatur id incidunt eius dignissimos et. Ut sit eum quaerat. Et adipisci commodi soluta.\nSint qui in iure libero ex doloremque provident quasi. Quidem assumenda similique ea quod libero. Eos officiis consequatur optio repudiandae eos. Accusantium vel animi itaque eaque.\nQuod officiis labore distinctio voluptatibus vitae dicta id. Non sed et non rerum.',1,7,19,21,0,0,0,'2011-08-11 20:51:25','2015-03-25 02:27:26'),
	(31,'<p>Aperiam ab rerum quo recusandae est vel eum. Est autem voluptatibus placeat fugit vitae voluptatem. Maxime cupiditate vel ipsum reprehenderit nulla.<br>\nIpsam perspiciatis sit optio neque. Accusamus quidem sint qui similique explicabo corporis sequi. Omnis ut nisi consequuntur ullam molestiae.<br>\nAutem debitis delectus adipisci omnis corrupti beatae. Vel et dolor ipsam minus illum non. Et culpa unde quisquam autem cum. Voluptatem eos itaque qui aspernatur.</p>','Aperiam ab rerum quo recusandae est vel eum. Est autem voluptatibus placeat fugit vitae voluptatem. Maxime cupiditate vel ipsum reprehenderit nulla.\nIpsam perspiciatis sit optio neque. Accusamus quidem sint qui similique explicabo corporis sequi. Omnis ut nisi consequuntur ullam molestiae.\nAutem debitis delectus adipisci omnis corrupti beatae. Vel et dolor ipsam minus illum non. Et culpa unde quisquam autem cum. Voluptatem eos itaque qui aspernatur.',4,7,20,23,0,0,0,'2009-01-12 05:00:45','2015-03-25 02:27:27'),
	(32,'<p>Id dolorum occaecati reiciendis totam iste. Cumque id voluptas a laudantium. Animi excepturi ab corrupti consequuntur enim cum. Praesentium eaque repudiandae rerum quia.<br>\nEa dolorum voluptate est tenetur dolorem. Totam eum iste tenetur. Maxime ducimus aliquam modi fugit a voluptas accusamus aperiam.<br>\nSed eum veniam esse explicabo nisi deserunt. Non et adipisci esse aliquam. Possimus nihil reiciendis quas aut. Rerum accusamus eos explicabo voluptatibus.</p>','Id dolorum occaecati reiciendis totam iste. Cumque id voluptas a laudantium. Animi excepturi ab corrupti consequuntur enim cum. Praesentium eaque repudiandae rerum quia.\nEa dolorum voluptate est tenetur dolorem. Totam eum iste tenetur. Maxime ducimus aliquam modi fugit a voluptas accusamus aperiam.\nSed eum veniam esse explicabo nisi deserunt. Non et adipisci esse aliquam. Possimus nihil reiciendis quas aut. Rerum accusamus eos explicabo voluptatibus.',6,8,21,24,0,0,0,'2010-10-09 05:09:30','2015-03-25 02:27:28'),
	(33,'<p>Quasi nisi quis facere cupiditate. Recusandae non esse sit reprehenderit voluptates numquam distinctio. Impedit qui rerum molestias qui enim.<br>\nPossimus aut quia doloremque ratione. Autem sapiente totam repudiandae rerum. Non id voluptas tenetur odit. Libero officiis placeat deserunt et consectetur.<br>\nIllo et dolor qui explicabo optio aut. Laudantium velit debitis dolor dolores sint pariatur et. Aspernatur quam ex quae. Nulla enim nostrum iste rerum odit. Sint quas blanditiis velit consequatur et omnis ipsam.</p>','Quasi nisi quis facere cupiditate. Recusandae non esse sit reprehenderit voluptates numquam distinctio. Impedit qui rerum molestias qui enim.\nPossimus aut quia doloremque ratione. Autem sapiente totam repudiandae rerum. Non id voluptas tenetur odit. Libero officiis placeat deserunt et consectetur.\nIllo et dolor qui explicabo optio aut. Laudantium velit debitis dolor dolores sint pariatur et. Aspernatur quam ex quae. Nulla enim nostrum iste rerum odit. Sint quas blanditiis velit consequatur et omnis ipsam.',5,8,22,25,0,0,0,'2007-11-28 19:27:59','2015-03-25 02:27:30'),
	(34,'<p>Optio aut accusamus voluptas et. Voluptatem qui repellendus doloribus consequatur. Quidem minima repellat et quaerat. Harum ipsum expedita illum laudantium.<br>\nDolor velit assumenda nemo. Dolor pariatur rem beatae quas. Et sed aut fugiat explicabo. Distinctio quo non et reiciendis in. Nulla eveniet ut quidem modi ab consequatur omnis.<br>\nEveniet voluptates ut est tenetur at nihil ut. Aperiam voluptatum est voluptatem qui qui. Facere quasi ullam voluptatem veniam a.</p>','Optio aut accusamus voluptas et. Voluptatem qui repellendus doloribus consequatur. Quidem minima repellat et quaerat. Harum ipsum expedita illum laudantium.\nDolor velit assumenda nemo. Dolor pariatur rem beatae quas. Et sed aut fugiat explicabo. Distinctio quo non et reiciendis in. Nulla eveniet ut quidem modi ab consequatur omnis.\nEveniet voluptates ut est tenetur at nihil ut. Aperiam voluptatum est voluptatem qui qui. Facere quasi ullam voluptatem veniam a.',8,8,22,26,0,0,0,'2012-02-21 07:16:30','2015-03-25 02:27:30'),
	(35,'<p>Non quidem et voluptas sunt sequi dolores. Quia voluptatum quo voluptas voluptas. Ut enim aut pariatur et est vero aut. Sint tempore nam dolores et officiis.<br>\nId quia sunt vitae eligendi. Ducimus hic id iusto. Adipisci veniam eos ducimus.<br>\nVeniam aut est quaerat non. Ad voluptate explicabo tenetur ad. Aspernatur omnis corrupti ullam sit aut voluptates aut.</p>','Non quidem et voluptas sunt sequi dolores. Quia voluptatum quo voluptas voluptas. Ut enim aut pariatur et est vero aut. Sint tempore nam dolores et officiis.\nId quia sunt vitae eligendi. Ducimus hic id iusto. Adipisci veniam eos ducimus.\nVeniam aut est quaerat non. Ad voluptate explicabo tenetur ad. Aspernatur omnis corrupti ullam sit aut voluptates aut.',6,8,22,26,0,0,0,'2013-09-01 07:59:25','2015-03-25 02:27:30'),
	(36,'<p>Atque numquam sed amet distinctio. Quidem ut explicabo fugit et est modi. Repellendus libero distinctio modi tempora possimus expedita. Nulla commodi et accusantium dolorum adipisci.<br>\nVitae quia et delectus est non accusamus voluptates. Veritatis rerum blanditiis dolorum. Earum asperiores quia in non.<br>\nDelectus autem veritatis quas rerum saepe tenetur quibusdam. Repellat iusto autem assumenda doloribus veniam. Voluptates similique blanditiis minus facere.</p>','Atque numquam sed amet distinctio. Quidem ut explicabo fugit et est modi. Repellendus libero distinctio modi tempora possimus expedita. Nulla commodi et accusantium dolorum adipisci.\nVitae quia et delectus est non accusamus voluptates. Veritatis rerum blanditiis dolorum. Earum asperiores quia in non.\nDelectus autem veritatis quas rerum saepe tenetur quibusdam. Repellat iusto autem assumenda doloribus veniam. Voluptates similique blanditiis minus facere.',7,8,22,26,0,0,0,'2006-01-08 17:34:29','2015-03-25 02:27:30'),
	(37,'<p>Nobis fugit eos iusto quia fuga atque. Dolores fugiat quaerat quae labore numquam qui hic. Reiciendis ex omnis non.<br>\nItaque vitae soluta nostrum dolorem et. Adipisci labore ea et. Sint assumenda numquam et ut et sit ullam.<br>\nEnim voluptate at est facere odio sed. Et dolorum accusamus recusandae non sed corporis et voluptates. Amet natus et rerum tenetur.<br>\nQuo esse quaerat omnis voluptatem quasi. Accusantium consequuntur id facilis. Illo mollitia quas nihil consequuntur deserunt ab.</p>','Nobis fugit eos iusto quia fuga atque. Dolores fugiat quaerat quae labore numquam qui hic. Reiciendis ex omnis non.\nItaque vitae soluta nostrum dolorem et. Adipisci labore ea et. Sint assumenda numquam et ut et sit ullam.\nEnim voluptate at est facere odio sed. Et dolorum accusamus recusandae non sed corporis et voluptates. Amet natus et rerum tenetur.\nQuo esse quaerat omnis voluptatem quasi. Accusantium consequuntur id facilis. Illo mollitia quas nihil consequuntur deserunt ab.',6,8,23,28,0,0,0,'2012-12-17 19:04:08','2015-03-25 02:27:31'),
	(38,'<p>Vitae qui quo expedita nostrum non dolorem repudiandae. Eaque omnis maiores consectetur veritatis quis quibusdam sint. Accusantium aliquid voluptates asperiores in aut. Labore reiciendis eaque fugit dolor aut.<br>\nTenetur corrupti facilis minima dignissimos hic. Ratione dolor occaecati maiores. Et perferendis soluta repellat totam voluptatem perferendis omnis id.<br>\nSaepe maiores et quibusdam ab dolores laborum. Quia exercitationem voluptates minima explicabo odio enim et. Voluptatem sint eum pariatur et facilis.</p>','Vitae qui quo expedita nostrum non dolorem repudiandae. Eaque omnis maiores consectetur veritatis quis quibusdam sint. Accusantium aliquid voluptates asperiores in aut. Labore reiciendis eaque fugit dolor aut.\nTenetur corrupti facilis minima dignissimos hic. Ratione dolor occaecati maiores. Et perferendis soluta repellat totam voluptatem perferendis omnis id.\nSaepe maiores et quibusdam ab dolores laborum. Quia exercitationem voluptates minima explicabo odio enim et. Voluptatem sint eum pariatur et facilis.',2,8,23,28,0,0,0,'2013-05-17 15:30:30','2015-03-25 02:27:31'),
	(39,'<p>Delectus alias impedit nihil qui. Ut nulla facere ea occaecati vitae adipisci. Inventore delectus impedit et dolores doloribus.<br>\nError error perspiciatis error voluptatem ipsum alias non. Sed ipsam quia aut soluta sit dolorem voluptate. Perspiciatis cum accusantium itaque hic. Aliquam reiciendis iusto accusantium voluptatem aut assumenda.</p>','Delectus alias impedit nihil qui. Ut nulla facere ea occaecati vitae adipisci. Inventore delectus impedit et dolores doloribus.\nError error perspiciatis error voluptatem ipsum alias non. Sed ipsam quia aut soluta sit dolorem voluptate. Perspiciatis cum accusantium itaque hic. Aliquam reiciendis iusto accusantium voluptatem aut assumenda.',8,8,23,29,0,0,0,'2013-01-12 11:25:03','2015-03-25 02:27:31'),
	(40,'<p>Sequi aut consequatur sapiente nobis et recusandae in labore. Nam veniam ipsum enim ut commodi. Nostrum pariatur eligendi aut nostrum illo est.<br>\nIn fugit magnam in cumque sed et. Voluptatibus eligendi quas magni nisi aspernatur enim nulla est. Quasi architecto ad quidem enim qui. Dolor omnis quia fugiat. Et illo quidem deserunt repudiandae exercitationem debitis ipsum.<br>\nRerum est quam ex. Ratione sed animi aut. Laudantium rerum rerum sint aut.</p>','Sequi aut consequatur sapiente nobis et recusandae in labore. Nam veniam ipsum enim ut commodi. Nostrum pariatur eligendi aut nostrum illo est.\nIn fugit magnam in cumque sed et. Voluptatibus eligendi quas magni nisi aspernatur enim nulla est. Quasi architecto ad quidem enim qui. Dolor omnis quia fugiat. Et illo quidem deserunt repudiandae exercitationem debitis ipsum.\nRerum est quam ex. Ratione sed animi aut. Laudantium rerum rerum sint aut.',1,8,23,29,0,0,0,'2013-12-13 13:05:26','2015-03-25 02:27:31'),
	(41,'<p>Molestiae sed sunt magnam cupiditate nisi itaque impedit. Quos qui nobis sunt quidem. Sed est facilis iste soluta aut rem et. Earum dolor vel nam earum veniam ab. Blanditiis occaecati esse reprehenderit ullam dolor eligendi.<br>\nEarum porro nemo et fugit reiciendis harum. Commodi omnis ut consequuntur nisi assumenda est velit non. Modi voluptatem voluptatum nobis laudantium non. Est aut eligendi soluta maiores.</p>','Molestiae sed sunt magnam cupiditate nisi itaque impedit. Quos qui nobis sunt quidem. Sed est facilis iste soluta aut rem et. Earum dolor vel nam earum veniam ab. Blanditiis occaecati esse reprehenderit ullam dolor eligendi.\nEarum porro nemo et fugit reiciendis harum. Commodi omnis ut consequuntur nisi assumenda est velit non. Modi voluptatem voluptatum nobis laudantium non. Est aut eligendi soluta maiores.',4,8,23,29,0,0,0,'2007-11-14 21:07:36','2015-03-25 02:27:31'),
	(42,'<p>At tempora nemo explicabo molestiae voluptas. Dolores consectetur error rem vel velit consequatur aut illo.<br>\nPorro necessitatibus qui maiores quod eaque non sed. Voluptas nesciunt voluptates aperiam est accusantium et omnis. Quas non placeat voluptates.<br>\nDoloremque autem debitis eum vero ea explicabo. Possimus iure maiores odit vitae sit.</p>','At tempora nemo explicabo molestiae voluptas. Dolores consectetur error rem vel velit consequatur aut illo.\nPorro necessitatibus qui maiores quod eaque non sed. Voluptas nesciunt voluptates aperiam est accusantium et omnis. Quas non placeat voluptates.\nDoloremque autem debitis eum vero ea explicabo. Possimus iure maiores odit vitae sit.',5,8,24,31,0,0,0,'2012-01-07 07:08:15','2015-03-25 02:27:32'),
	(43,'<p>Voluptatibus quae rerum impedit architecto magnam. Voluptatum a sunt voluptas rerum. Molestiae incidunt et aliquid numquam nisi et non. Velit tempora voluptas aut consectetur. Eligendi et fugit ut quo impedit temporibus.<br>\nQuis dolor eum et laboriosam corporis ex. Et corrupti ea saepe et autem cum consequatur. Cupiditate ut autem occaecati et. Tempora minus ad amet et illo ut quia.<br>\nUnde ab voluptas expedita numquam. Quia magni autem magni harum quia. Enim saepe dolor sed.</p>','Voluptatibus quae rerum impedit architecto magnam. Voluptatum a sunt voluptas rerum. Molestiae incidunt et aliquid numquam nisi et non. Velit tempora voluptas aut consectetur. Eligendi et fugit ut quo impedit temporibus.\nQuis dolor eum et laboriosam corporis ex. Et corrupti ea saepe et autem cum consequatur. Cupiditate ut autem occaecati et. Tempora minus ad amet et illo ut quia.\nUnde ab voluptas expedita numquam. Quia magni autem magni harum quia. Enim saepe dolor sed.',7,8,24,31,0,0,0,'2005-12-08 22:08:57','2015-03-25 02:27:32'),
	(44,'<p>Itaque perferendis consequatur sit inventore. Sequi dolores consectetur esse excepturi vel voluptatem suscipit neque. Magni in quibusdam dolor provident. Explicabo repellendus quas aut perspiciatis.<br>\nVoluptatem recusandae qui reprehenderit sunt nihil fugiat inventore. Odit eos accusamus at harum dolor possimus. Ut autem ea unde modi accusantium fugiat.</p>','Itaque perferendis consequatur sit inventore. Sequi dolores consectetur esse excepturi vel voluptatem suscipit neque. Magni in quibusdam dolor provident. Explicabo repellendus quas aut perspiciatis.\nVoluptatem recusandae qui reprehenderit sunt nihil fugiat inventore. Odit eos accusamus at harum dolor possimus. Ut autem ea unde modi accusantium fugiat.',3,8,24,32,0,0,0,'2012-12-29 23:07:42','2015-03-25 02:27:32'),
	(45,'<p>Omnis enim minima magni temporibus sed. Eos est sint veritatis maiores temporibus non. Deleniti ipsum qui impedit unde. Iure voluptatum et eius reprehenderit deleniti qui.<br>\nEt laboriosam cumque commodi quis tenetur. Nam asperiores consectetur illo ex aspernatur culpa.<br>\nOfficiis quo omnis aspernatur aut. Id sit id temporibus distinctio. Dignissimos consequatur quidem doloribus veritatis reprehenderit veniam sint. Ipsum enim qui enim.</p>','Omnis enim minima magni temporibus sed. Eos est sint veritatis maiores temporibus non. Deleniti ipsum qui impedit unde. Iure voluptatum et eius reprehenderit deleniti qui.\nEt laboriosam cumque commodi quis tenetur. Nam asperiores consectetur illo ex aspernatur culpa.\nOfficiis quo omnis aspernatur aut. Id sit id temporibus distinctio. Dignissimos consequatur quidem doloribus veritatis reprehenderit veniam sint. Ipsum enim qui enim.',6,8,24,32,0,0,0,'2011-11-30 17:24:31','2015-03-25 02:27:32'),
	(46,'<p>Aspernatur nobis aut aut. Aut facilis voluptatem necessitatibus molestias consequuntur voluptatibus. Blanditiis fuga tenetur et eius laborum nihil quam dolorem. Laudantium illum itaque tempore iure aut sunt quisquam.<br>\nHarum et itaque molestias et harum odit voluptatum. Non ut quia magnam rem exercitationem. Recusandae maiores aut excepturi ab est tempora et.<br>\nRatione quo ducimus illum asperiores eligendi. Esse sit veniam impedit autem dolore temporibus. Voluptatibus quia quaerat molestiae aut repellendus.</p>','Aspernatur nobis aut aut. Aut facilis voluptatem necessitatibus molestias consequuntur voluptatibus. Blanditiis fuga tenetur et eius laborum nihil quam dolorem. Laudantium illum itaque tempore iure aut sunt quisquam.\nHarum et itaque molestias et harum odit voluptatum. Non ut quia magnam rem exercitationem. Recusandae maiores aut excepturi ab est tempora et.\nRatione quo ducimus illum asperiores eligendi. Esse sit veniam impedit autem dolore temporibus. Voluptatibus quia quaerat molestiae aut repellendus.',4,8,24,32,0,0,0,'2005-12-28 03:29:40','2015-03-25 02:27:32'),
	(47,'<p>Quibusdam aut quae blanditiis sint. Ratione molestiae ipsum facilis beatae. Quia modi molestiae nostrum deserunt quis alias modi. Repellat enim cumque hic et quo.<br>\nBeatae a et et deserunt nisi enim quia. Nobis aut unde eaque molestias. Aliquam adipisci consequatur fuga.<br>\nDoloremque non non consequatur culpa in aperiam. Eum eius aliquam voluptas provident in eveniet sint. Vitae maiores non tempore iure architecto. Est minima totam ut enim quae incidunt qui.</p>','Quibusdam aut quae blanditiis sint. Ratione molestiae ipsum facilis beatae. Quia modi molestiae nostrum deserunt quis alias modi. Repellat enim cumque hic et quo.\nBeatae a et et deserunt nisi enim quia. Nobis aut unde eaque molestias. Aliquam adipisci consequatur fuga.\nDoloremque non non consequatur culpa in aperiam. Eum eius aliquam voluptas provident in eveniet sint. Vitae maiores non tempore iure architecto. Est minima totam ut enim quae incidunt qui.',7,8,25,33,0,0,0,'2008-11-22 13:53:00','2015-03-25 02:27:33'),
	(48,'<p>Velit voluptatibus nihil repellat voluptate. Nihil ab incidunt odio perspiciatis eius modi dolorum. Nihil sed voluptas sit nihil nemo.<br>\nError velit temporibus ratione ipsum libero quos quod. Odit explicabo modi consequuntur voluptatem eos. Officiis ad et totam culpa quam fugiat rerum.<br>\nLibero est aliquid eaque possimus officia adipisci. Laborum rerum temporibus aut ut in quo et.</p>','Velit voluptatibus nihil repellat voluptate. Nihil ab incidunt odio perspiciatis eius modi dolorum. Nihil sed voluptas sit nihil nemo.\nError velit temporibus ratione ipsum libero quos quod. Odit explicabo modi consequuntur voluptatem eos. Officiis ad et totam culpa quam fugiat rerum.\nLibero est aliquid eaque possimus officia adipisci. Laborum rerum temporibus aut ut in quo et.',8,8,25,33,0,0,0,'2010-06-10 00:04:13','2015-03-25 02:27:33'),
	(49,'<p>Perspiciatis repellat aliquam aut molestias sunt error enim. Ex a totam molestiae. Ipsa iusto et quibusdam odio nihil.<br>\nIpsa porro et eligendi quibusdam earum ut et. Est totam et et ut modi laboriosam. Est magnam quisquam cupiditate voluptas corrupti reprehenderit. Repellendus molestias eos numquam sit commodi ut.<br>\nHarum culpa et eos atque. Alias et numquam asperiores minima. Quia quam nesciunt perferendis enim accusamus pariatur totam. Autem voluptatem amet non odit voluptatem.</p>','Perspiciatis repellat aliquam aut molestias sunt error enim. Ex a totam molestiae. Ipsa iusto et quibusdam odio nihil.\nIpsa porro et eligendi quibusdam earum ut et. Est totam et et ut modi laboriosam. Est magnam quisquam cupiditate voluptas corrupti reprehenderit. Repellendus molestias eos numquam sit commodi ut.\nHarum culpa et eos atque. Alias et numquam asperiores minima. Quia quam nesciunt perferendis enim accusamus pariatur totam. Autem voluptatem amet non odit voluptatem.',3,8,25,34,0,0,0,'2005-04-15 16:10:01','2015-03-25 02:27:33'),
	(50,'<p>At dolores excepturi libero modi voluptatem adipisci tempore. Iure enim quod excepturi sed unde aut. Error qui quaerat est dolor voluptatibus.<br>\nNon corrupti sint ex quis ea et repellat. Delectus blanditiis at et esse. Sed qui animi aut voluptatum non. Maxime nam et distinctio dolor magni sunt.<br>\nNemo necessitatibus vitae omnis esse quia quaerat vero. Mollitia ut et corporis velit perferendis voluptas ducimus. Molestiae debitis rerum incidunt accusantium dignissimos libero. Fugiat quasi ut libero.</p>','At dolores excepturi libero modi voluptatem adipisci tempore. Iure enim quod excepturi sed unde aut. Error qui quaerat est dolor voluptatibus.\nNon corrupti sint ex quis ea et repellat. Delectus blanditiis at et esse. Sed qui animi aut voluptatum non. Maxime nam et distinctio dolor magni sunt.\nNemo necessitatibus vitae omnis esse quia quaerat vero. Mollitia ut et corporis velit perferendis voluptas ducimus. Molestiae debitis rerum incidunt accusantium dignissimos libero. Fugiat quasi ut libero.',3,8,25,34,0,0,0,'2013-07-16 19:54:14','2015-03-25 02:27:33'),
	(51,'<p>Voluptatem praesentium et incidunt consequuntur est et. Corporis sed nisi amet porro. Eos nemo nostrum asperiores accusamus sit.<br>\nEum hic aliquid fugit consequatur ad. Repudiandae ad autem repellendus nam nostrum eligendi. Ea sapiente similique possimus amet asperiores minima tempora. Placeat et non est qui rerum.<br>\nAtque est error ratione aliquam et dolore ea. Quo eos aut facilis et molestiae voluptatem sit. Ipsam veniam ut quae quam qui architecto.</p>','Voluptatem praesentium et incidunt consequuntur est et. Corporis sed nisi amet porro. Eos nemo nostrum asperiores accusamus sit.\nEum hic aliquid fugit consequatur ad. Repudiandae ad autem repellendus nam nostrum eligendi. Ea sapiente similique possimus amet asperiores minima tempora. Placeat et non est qui rerum.\nAtque est error ratione aliquam et dolore ea. Quo eos aut facilis et molestiae voluptatem sit. Ipsam veniam ut quae quam qui architecto.',9,9,26,36,0,0,0,'2014-11-13 13:42:28','2015-03-25 02:27:34'),
	(52,'<p>Et culpa atque aut fugiat voluptatem. Placeat autem molestias enim et eos neque. Quasi in sit praesentium beatae tenetur consequatur consequatur velit. Voluptatem debitis ea architecto enim et pariatur quae.<br>\nAlias optio cupiditate minima perferendis. Aliquid consequatur veritatis quaerat ipsum dolorem aut soluta vitae. Non quia alias id sit quibusdam doloribus. Minus aliquam nemo impedit omnis. Perspiciatis quo nam non numquam cumque pariatur iste.</p>','Et culpa atque aut fugiat voluptatem. Placeat autem molestias enim et eos neque. Quasi in sit praesentium beatae tenetur consequatur consequatur velit. Voluptatem debitis ea architecto enim et pariatur quae.\nAlias optio cupiditate minima perferendis. Aliquid consequatur veritatis quaerat ipsum dolorem aut soluta vitae. Non quia alias id sit quibusdam doloribus. Minus aliquam nemo impedit omnis. Perspiciatis quo nam non numquam cumque pariatur iste.',3,9,26,36,0,0,0,'2012-01-17 20:33:36','2015-03-25 02:27:34'),
	(53,'<p>Minima perspiciatis repudiandae illum facere. Non quaerat est voluptas eum dolores veniam. Repellat sed minus quasi natus quasi quis in.<br>\nSit consequatur ut illo rerum neque necessitatibus tempora. Aut fuga ipsum provident dolorum omnis nostrum. Quidem facere natus veniam eos voluptas nostrum. Illum dolores quis sint asperiores molestiae earum sed ea.<br>\nFuga deserunt debitis numquam suscipit perspiciatis qui. Quis nobis nam vel hic facilis facere. Nesciunt voluptas ducimus voluptatem tenetur.</p>','Minima perspiciatis repudiandae illum facere. Non quaerat est voluptas eum dolores veniam. Repellat sed minus quasi natus quasi quis in.\nSit consequatur ut illo rerum neque necessitatibus tempora. Aut fuga ipsum provident dolorum omnis nostrum. Quidem facere natus veniam eos voluptas nostrum. Illum dolores quis sint asperiores molestiae earum sed ea.\nFuga deserunt debitis numquam suscipit perspiciatis qui. Quis nobis nam vel hic facilis facere. Nesciunt voluptas ducimus voluptatem tenetur.',9,9,26,36,0,0,0,'2005-07-17 01:55:43','2015-03-25 02:27:34'),
	(54,'<p>Non ut ex ducimus veritatis optio sed delectus accusamus. Aut eos ut perferendis sint et voluptatem est.<br>\nQuis ea nulla ratione sit. Omnis vel exercitationem aspernatur ducimus ipsum quibusdam inventore. Omnis magnam consectetur qui laudantium eligendi. Consequatur quaerat ab et cum et molestiae atque.<br>\nMolestiae officiis atque vitae laboriosam adipisci reiciendis. Incidunt harum distinctio vel aspernatur et et accusantium. Quaerat quo perspiciatis mollitia quia.</p>','Non ut ex ducimus veritatis optio sed delectus accusamus. Aut eos ut perferendis sint et voluptatem est.\nQuis ea nulla ratione sit. Omnis vel exercitationem aspernatur ducimus ipsum quibusdam inventore. Omnis magnam consectetur qui laudantium eligendi. Consequatur quaerat ab et cum et molestiae atque.\nMolestiae officiis atque vitae laboriosam adipisci reiciendis. Incidunt harum distinctio vel aspernatur et et accusantium. Quaerat quo perspiciatis mollitia quia.',10,9,28,37,0,0,0,'2013-08-30 22:49:23','2015-03-25 02:27:37'),
	(55,'<p>Recusandae error voluptatum est eligendi aut sit. Aut repellendus sed et exercitationem non est. Veniam ex molestias fuga consequatur provident. Iste deleniti est laboriosam suscipit omnis et consequuntur velit.<br>\nFugit quasi rerum nesciunt occaecati. Qui et perferendis similique harum illum dolores maiores reiciendis. Error alias accusamus vitae et in. Est quo asperiores sed est voluptatum.</p>','Recusandae error voluptatum est eligendi aut sit. Aut repellendus sed et exercitationem non est. Veniam ex molestias fuga consequatur provident. Iste deleniti est laboriosam suscipit omnis et consequuntur velit.\nFugit quasi rerum nesciunt occaecati. Qui et perferendis similique harum illum dolores maiores reiciendis. Error alias accusamus vitae et in. Est quo asperiores sed est voluptatum.',7,9,28,37,0,0,0,'2012-06-20 21:47:58','2015-03-25 02:27:37'),
	(56,'<p>A blanditiis magni sapiente dicta. Et amet perspiciatis nulla quos perferendis. Voluptatem aperiam similique similique voluptate in ipsa esse. Non deserunt sunt eum eius quis aspernatur est.<br>\nOptio minus maiores voluptas perspiciatis voluptas tempora. Minima necessitatibus omnis quidem et dolore. Nulla similique omnis incidunt omnis inventore nostrum.<br>\nMolestiae consequatur qui blanditiis laboriosam. Magni alias quis temporibus labore voluptas ut. Iure accusantium et nesciunt rem.</p>','A blanditiis magni sapiente dicta. Et amet perspiciatis nulla quos perferendis. Voluptatem aperiam similique similique voluptate in ipsa esse. Non deserunt sunt eum eius quis aspernatur est.\nOptio minus maiores voluptas perspiciatis voluptas tempora. Minima necessitatibus omnis quidem et dolore. Nulla similique omnis incidunt omnis inventore nostrum.\nMolestiae consequatur qui blanditiis laboriosam. Magni alias quis temporibus labore voluptas ut. Iure accusantium et nesciunt rem.',5,10,29,38,0,0,0,'2009-05-18 21:07:47','2015-03-25 02:27:38'),
	(57,'<p>Maiores placeat fugiat quis sunt temporibus. Sapiente dolor est accusantium necessitatibus autem itaque.<br>\nMolestiae tenetur velit similique iure et laudantium. Nobis nam doloribus id aliquam consectetur sint. In ab et quisquam quia neque sint. Cupiditate nobis et ipsum.<br>\nQuibusdam qui necessitatibus non eum rerum. Rem neque earum magni eveniet. Nihil voluptas ut repudiandae odio tempore vel quia. Ut et similique id repellendus aut. Qui nobis aut cupiditate nam a quisquam nisi quos.</p>','Maiores placeat fugiat quis sunt temporibus. Sapiente dolor est accusantium necessitatibus autem itaque.\nMolestiae tenetur velit similique iure et laudantium. Nobis nam doloribus id aliquam consectetur sint. In ab et quisquam quia neque sint. Cupiditate nobis et ipsum.\nQuibusdam qui necessitatibus non eum rerum. Rem neque earum magni eveniet. Nihil voluptas ut repudiandae odio tempore vel quia. Ut et similique id repellendus aut. Qui nobis aut cupiditate nam a quisquam nisi quos.',9,10,29,38,0,0,0,'2006-07-26 05:09:11','2015-03-25 02:27:38'),
	(58,'<p>Et a ut et quo necessitatibus et. Consequatur voluptate dolorum accusamus quisquam aut earum. Quia molestiae illum et dolore facere ullam labore. Distinctio corporis esse eum eum animi et labore.<br>\nEt cumque rerum a deserunt. Et nam exercitationem officia sapiente. Magnam laborum sed id. Eum voluptatem ipsa adipisci exercitationem.</p>','Et a ut et quo necessitatibus et. Consequatur voluptate dolorum accusamus quisquam aut earum. Quia molestiae illum et dolore facere ullam labore. Distinctio corporis esse eum eum animi et labore.\nEt cumque rerum a deserunt. Et nam exercitationem officia sapiente. Magnam laborum sed id. Eum voluptatem ipsa adipisci exercitationem.',3,10,29,39,0,0,0,'2008-11-06 08:09:37','2015-03-25 02:27:38'),
	(59,'<p>Quod iusto maxime rerum in aut debitis aut. Necessitatibus accusamus et sequi reiciendis laborum. Rerum sed et ipsum quia aliquam. Voluptatem animi eius enim asperiores distinctio qui.<br>\nCumque aspernatur delectus adipisci eos voluptatem. Voluptas ducimus facilis ullam sit sequi. Amet distinctio vel tempore voluptate suscipit architecto qui. Id nobis tenetur consequatur qui.</p>','Quod iusto maxime rerum in aut debitis aut. Necessitatibus accusamus et sequi reiciendis laborum. Rerum sed et ipsum quia aliquam. Voluptatem animi eius enim asperiores distinctio qui.\nCumque aspernatur delectus adipisci eos voluptatem. Voluptas ducimus facilis ullam sit sequi. Amet distinctio vel tempore voluptate suscipit architecto qui. Id nobis tenetur consequatur qui.',4,10,29,39,0,0,0,'2006-03-28 17:34:13','2015-03-25 02:27:38'),
	(60,'<p>Nostrum vel quod tempore provident. Placeat non amet esse excepturi cumque sed et. Consequatur voluptatem non eos illo non laborum repellendus. Mollitia corrupti repudiandae quibusdam porro ad.<br>\nEt impedit dolor nisi doloremque sunt. Adipisci praesentium quia dolorum commodi. Quis eum expedita et eum. Quos cum est voluptas sunt.<br>\nOmnis autem itaque distinctio. Amet tenetur doloribus est dolorum exercitationem fugiat voluptatibus.</p>','Nostrum vel quod tempore provident. Placeat non amet esse excepturi cumque sed et. Consequatur voluptatem non eos illo non laborum repellendus. Mollitia corrupti repudiandae quibusdam porro ad.\nEt impedit dolor nisi doloremque sunt. Adipisci praesentium quia dolorum commodi. Quis eum expedita et eum. Quos cum est voluptas sunt.\nOmnis autem itaque distinctio. Amet tenetur doloribus est dolorum exercitationem fugiat voluptatibus.',6,10,30,40,0,0,0,'2005-07-15 01:40:28','2015-03-25 02:27:38'),
	(61,'<p>Repellendus corporis labore aut dolores. Aut dolorum sunt id soluta veniam voluptate. Similique tempore tempore est. Sit itaque tempora iste et.<br>\nRepellat sed nostrum cum distinctio fugit perspiciatis expedita. Quibusdam et consectetur veritatis recusandae et dolor quia totam. Quam maiores veniam et et qui. Dolores nesciunt corporis excepturi quidem. Dignissimos voluptatibus aut alias quibusdam dolorem optio officiis.</p>','Repellendus corporis labore aut dolores. Aut dolorum sunt id soluta veniam voluptate. Similique tempore tempore est. Sit itaque tempora iste et.\nRepellat sed nostrum cum distinctio fugit perspiciatis expedita. Quibusdam et consectetur veritatis recusandae et dolor quia totam. Quam maiores veniam et et qui. Dolores nesciunt corporis excepturi quidem. Dignissimos voluptatibus aut alias quibusdam dolorem optio officiis.',5,10,31,42,0,0,0,'2009-02-15 01:47:07','2015-03-25 02:27:39'),
	(62,'<p>Est et est qui. Accusantium libero enim quis ullam qui.<br>\nPlaceat quidem ab odio autem laborum. Ullam asperiores ut placeat occaecati consectetur est. Sit in ab quia et.<br>\nVelit sed eos quia esse. Dolor cumque consequatur voluptatem iusto.<br>\nQuo magni illum aspernatur eos aut explicabo omnis. Inventore provident nemo rerum inventore dolores. Nam enim vitae aut. Temporibus omnis nobis qui ut voluptas aut in non.</p>','Est et est qui. Accusantium libero enim quis ullam qui.\nPlaceat quidem ab odio autem laborum. Ullam asperiores ut placeat occaecati consectetur est. Sit in ab quia et.\nVelit sed eos quia esse. Dolor cumque consequatur voluptatem iusto.\nQuo magni illum aspernatur eos aut explicabo omnis. Inventore provident nemo rerum inventore dolores. Nam enim vitae aut. Temporibus omnis nobis qui ut voluptas aut in non.',4,10,31,43,0,0,0,'2006-12-04 01:59:10','2015-03-25 02:27:39'),
	(63,'<p>Est quia ea et nulla quae. Dolores a vel ducimus architecto.<br>\nCorrupti tenetur voluptatibus exercitationem mollitia officia hic nemo. Deleniti corrupti quo corporis corrupti quis qui at. Illum vero deserunt odio. Optio dolores ad et nam.<br>\nMinima qui numquam officiis dolores quia officia. Sequi id a magnam a quidem aut. Voluptate nisi repudiandae velit quia. Est assumenda beatae corrupti est maiores dicta.</p>','Est quia ea et nulla quae. Dolores a vel ducimus architecto.\nCorrupti tenetur voluptatibus exercitationem mollitia officia hic nemo. Deleniti corrupti quo corporis corrupti quis qui at. Illum vero deserunt odio. Optio dolores ad et nam.\nMinima qui numquam officiis dolores quia officia. Sequi id a magnam a quidem aut. Voluptate nisi repudiandae velit quia. Est assumenda beatae corrupti est maiores dicta.',10,10,31,43,0,0,0,'2010-04-09 06:22:16','2015-03-25 02:27:39');
ALTER TABLE `comment_replies` ENABLE KEYS;
UNLOCK TABLES;


LOCK TABLES `content_related` WRITE;
ALTER TABLE `content_related` DISABLE KEYS;
ALTER TABLE `content_related` ENABLE KEYS;
UNLOCK TABLES;


LOCK TABLES `conversations` WRITE;
ALTER TABLE `conversations` DISABLE KEYS;
ALTER TABLE `conversations` ENABLE KEYS;
UNLOCK TABLES;


LOCK TABLES `conversation_messages` WRITE;
ALTER TABLE `conversation_messages` DISABLE KEYS;
ALTER TABLE `conversation_messages` ENABLE KEYS;
UNLOCK TABLES;


LOCK TABLES `conversation_users` WRITE;
ALTER TABLE `conversation_users` DISABLE KEYS;
ALTER TABLE `conversation_users` ENABLE KEYS;
UNLOCK TABLES;


LOCK TABLES `entries` WRITE;
ALTER TABLE `entries` DISABLE KEYS;
INSERT INTO `entries` (`id`, `text`, `text_source`, `replies_count`, `user_id`, `group_id`, `uv`, `dv`, `score`, `created_at`, `updated_at`) VALUES 
	(1,'<p>Quo minima ipsum aut minus vel officia cumque. Cupiditate voluptatem impedit consequatur et fuga vel laboriosam. A amet facere laborum vel.<br>\nQuia ut necessitatibus nobis. Dolorem dolores omnis sed voluptatem aliquid. Distinctio perferendis ipsam et qui. Eum quibusdam nam perferendis non aut consequatur.</p>','Quo minima ipsum aut minus vel officia cumque. Cupiditate voluptatem impedit consequatur et fuga vel laboriosam. A amet facere laborum vel.\nQuia ut necessitatibus nobis. Dolorem dolores omnis sed voluptatem aliquid. Distinctio perferendis ipsam et qui. Eum quibusdam nam perferendis non aut consequatur.',3,2,1,0,0,0,'2005-06-15 09:46:55','2015-03-25 02:27:07'),
	(2,'<p>Amet omnis architecto aut est nihil. Voluptatem ea totam minus ut velit praesentium et. Vitae eius assumenda aut ducimus doloremque itaque quisquam. Quia velit quo maiores dolor fuga distinctio.<br>\nEt est at dolores quis animi labore et incidunt. Quibusdam explicabo ut aut ut quia ipsa nulla. Sed iste eligendi quaerat.<br>\nEa quasi sequi ad amet accusamus reiciendis. Fuga vero libero autem eveniet. Similique dolores velit nulla laudantium vel quasi.</p>','Amet omnis architecto aut est nihil. Voluptatem ea totam minus ut velit praesentium et. Vitae eius assumenda aut ducimus doloremque itaque quisquam. Quia velit quo maiores dolor fuga distinctio.\nEt est at dolores quis animi labore et incidunt. Quibusdam explicabo ut aut ut quia ipsa nulla. Sed iste eligendi quaerat.\nEa quasi sequi ad amet accusamus reiciendis. Fuga vero libero autem eveniet. Similique dolores velit nulla laudantium vel quasi.',2,1,2,0,0,0,'2005-11-12 12:07:53','2015-03-25 02:27:08'),
	(3,'<p>Dolorem tempore iure dolores tempore et qui dolorem. Et vel consequatur rerum eligendi officia possimus.<br>\nDolore ipsum repellat sed perspiciatis sit. Ut a est maiores at reiciendis dolorum est accusantium. Saepe voluptatem et nemo dolore. Nobis quae repellendus excepturi tenetur illum iusto.<br>\nLaboriosam dicta dolor et eos reprehenderit quisquam. Dolorem nisi ex et. Et magnam hic libero sed. Velit voluptatum neque quis culpa ut iste distinctio.</p>','Dolorem tempore iure dolores tempore et qui dolorem. Et vel consequatur rerum eligendi officia possimus.\nDolore ipsum repellat sed perspiciatis sit. Ut a est maiores at reiciendis dolorum est accusantium. Saepe voluptatem et nemo dolore. Nobis quae repellendus excepturi tenetur illum iusto.\nLaboriosam dicta dolor et eos reprehenderit quisquam. Dolorem nisi ex et. Et magnam hic libero sed. Velit voluptatum neque quis culpa ut iste distinctio.',1,3,2,0,0,0,'2013-05-12 23:19:38','2015-03-25 02:27:10'),
	(4,'<p>Repellat sed deserunt dolor nesciunt labore. Aut laborum totam dolores neque velit occaecati. Error quo sint ut id ab. Excepturi illum aut qui rerum praesentium quo. Qui dicta corrupti minima velit id.<br>\nIpsam suscipit omnis et at enim illum in. Est nam labore quia ex ducimus iste perferendis. Qui saepe adipisci et quod.<br>\nQuia nesciunt sit possimus voluptatibus consequuntur. Assumenda vel excepturi libero aut ea sit. Labore et autem libero est qui error.</p>','Repellat sed deserunt dolor nesciunt labore. Aut laborum totam dolores neque velit occaecati. Error quo sint ut id ab. Excepturi illum aut qui rerum praesentium quo. Qui dicta corrupti minima velit id.\nIpsam suscipit omnis et at enim illum in. Est nam labore quia ex ducimus iste perferendis. Qui saepe adipisci et quod.\nQuia nesciunt sit possimus voluptatibus consequuntur. Assumenda vel excepturi libero aut ea sit. Labore et autem libero est qui error.',1,1,2,0,0,0,'2009-10-06 08:39:37','2015-03-25 02:27:11'),
	(5,'<p>Maiores earum provident nulla sed omnis ipsa tenetur iusto. Molestiae dolorem dolores rerum aperiam. Et nam iusto qui fugit sit quia. Nostrum minus qui ex autem aspernatur id.<br>\nVoluptatibus voluptatum et fuga et omnis qui dolor. Dicta esse perferendis id similique ut sed. Sint voluptatem et rem dolores. Error aut rem velit.</p>','Maiores earum provident nulla sed omnis ipsa tenetur iusto. Molestiae dolorem dolores rerum aperiam. Et nam iusto qui fugit sit quia. Nostrum minus qui ex autem aspernatur id.\nVoluptatibus voluptatum et fuga et omnis qui dolor. Dicta esse perferendis id similique ut sed. Sint voluptatem et rem dolores. Error aut rem velit.',3,3,2,0,0,0,'2012-06-02 06:54:35','2015-03-25 02:27:11'),
	(6,'<p>Qui voluptatem quas dicta occaecati error qui et. Quas minima perferendis dolorum eum. Enim tempora ipsam omnis maxime consequuntur.<br>\nQuos voluptas tenetur aspernatur voluptate explicabo. Eum est sed at sed. Nesciunt quo ut doloremque aspernatur possimus minus.<br>\nConsequatur velit sint sunt et molestiae. Culpa velit animi voluptas. Nesciunt et id accusantium architecto. Cum voluptas velit amet hic et.</p>','Qui voluptatem quas dicta occaecati error qui et. Quas minima perferendis dolorum eum. Enim tempora ipsam omnis maxime consequuntur.\nQuos voluptas tenetur aspernatur voluptate explicabo. Eum est sed at sed. Nesciunt quo ut doloremque aspernatur possimus minus.\nConsequatur velit sint sunt et molestiae. Culpa velit animi voluptas. Nesciunt et id accusantium architecto. Cum voluptas velit amet hic et.',0,1,2,0,0,0,'2009-12-08 04:08:04','2015-03-25 02:27:11'),
	(7,'<p>Vero incidunt porro sint aut accusantium facilis vitae asperiores. Voluptas culpa quis id est. Ipsam reiciendis error nam ducimus tempora.<br>\nPlaceat totam et voluptatem laborum. Voluptas excepturi eveniet sint molestiae non esse in. Soluta cupiditate et enim et voluptatem minus.<br>\nTemporibus consequatur quis excepturi voluptatem rem similique. Corporis totam veniam at. Ducimus sapiente sapiente soluta aspernatur qui. Nulla occaecati rerum ipsa omnis velit dolores ut.</p>','Vero incidunt porro sint aut accusantium facilis vitae asperiores. Voluptas culpa quis id est. Ipsam reiciendis error nam ducimus tempora.\nPlaceat totam et voluptatem laborum. Voluptas excepturi eveniet sint molestiae non esse in. Soluta cupiditate et enim et voluptatem minus.\nTemporibus consequatur quis excepturi voluptatem rem similique. Corporis totam veniam at. Ducimus sapiente sapiente soluta aspernatur qui. Nulla occaecati rerum ipsa omnis velit dolores ut.',0,3,3,0,0,0,'2014-06-09 08:46:47','2015-03-25 02:27:12'),
	(8,'<p>Omnis sit animi explicabo eum nisi omnis voluptatem. Numquam a hic officia totam id quidem. Sunt consectetur eos dicta laboriosam nesciunt. Nihil quis quod omnis sit nostrum et.<br>\nVoluptatem autem eos ut. Maxime consequuntur incidunt qui magnam libero. Soluta dolorem earum temporibus qui labore.<br>\nCum sed numquam hic deserunt expedita quae laudantium. Aliquam necessitatibus aspernatur laboriosam esse eum id in. Magnam soluta modi quibusdam neque est occaecati eum. Nisi nesciunt minus dolor nobis qui vel.</p>','Omnis sit animi explicabo eum nisi omnis voluptatem. Numquam a hic officia totam id quidem. Sunt consectetur eos dicta laboriosam nesciunt. Nihil quis quod omnis sit nostrum et.\nVoluptatem autem eos ut. Maxime consequuntur incidunt qui magnam libero. Soluta dolorem earum temporibus qui labore.\nCum sed numquam hic deserunt expedita quae laudantium. Aliquam necessitatibus aspernatur laboriosam esse eum id in. Magnam soluta modi quibusdam neque est occaecati eum. Nisi nesciunt minus dolor nobis qui vel.',0,2,3,0,0,0,'2006-02-20 10:33:46','2015-03-25 02:27:14'),
	(9,'<p>Et veniam sit aut et consectetur omnis earum consequuntur. Perspiciatis vel neque deserunt iusto. Aperiam architecto iure rerum quia dolorem est ullam. Saepe quia eveniet quis sint. Ipsam recusandae ut aut nam numquam quaerat.<br>\nQuod blanditiis inventore sequi corporis voluptas ut dolores. Molestias maxime doloremque sit ut molestiae ea autem ullam. Aut laborum accusantium et aut quia sequi voluptatum dolorum. Illo illum qui aut nisi eum. Laborum accusantium dicta accusamus.</p>','Et veniam sit aut et consectetur omnis earum consequuntur. Perspiciatis vel neque deserunt iusto. Aperiam architecto iure rerum quia dolorem est ullam. Saepe quia eveniet quis sint. Ipsam recusandae ut aut nam numquam quaerat.\nQuod blanditiis inventore sequi corporis voluptas ut dolores. Molestias maxime doloremque sit ut molestiae ea autem ullam. Aut laborum accusantium et aut quia sequi voluptatum dolorum. Illo illum qui aut nisi eum. Laborum accusantium dicta accusamus.',1,2,3,0,0,0,'2014-12-10 21:32:38','2015-03-25 02:27:16'),
	(10,'<p>Dolor voluptatem eum voluptatibus consectetur rerum. Ducimus necessitatibus quos et autem ducimus suscipit. Minima et explicabo in optio est ipsam.<br>\nVoluptatem molestiae ratione expedita ratione deleniti expedita. Expedita voluptate odio aperiam similique quia et. Et veniam aliquid quos similique. Enim et ad et animi sit.<br>\nConsequatur laudantium est deserunt dolor aliquid. Accusamus quis autem consequuntur facilis veritatis.</p>','Dolor voluptatem eum voluptatibus consectetur rerum. Ducimus necessitatibus quos et autem ducimus suscipit. Minima et explicabo in optio est ipsam.\nVoluptatem molestiae ratione expedita ratione deleniti expedita. Expedita voluptate odio aperiam similique quia et. Et veniam aliquid quos similique. Enim et ad et animi sit.\nConsequatur laudantium est deserunt dolor aliquid. Accusamus quis autem consequuntur facilis veritatis.',0,4,3,0,0,0,'2007-04-21 02:27:42','2015-03-25 02:27:16'),
	(11,'<p>Aliquid asperiores aliquam et voluptates nulla minus quo. Quibusdam quis commodi voluptatem dolor necessitatibus eius nemo. Numquam corrupti enim quas qui blanditiis nostrum. Saepe et maxime quam praesentium aut suscipit qui reprehenderit.<br>\nIusto aut ea ad debitis. Est sint eveniet quidem voluptates omnis tempore est. Ea itaque et quasi aut. Est sint sunt recusandae corporis.</p>','Aliquid asperiores aliquam et voluptates nulla minus quo. Quibusdam quis commodi voluptatem dolor necessitatibus eius nemo. Numquam corrupti enim quas qui blanditiis nostrum. Saepe et maxime quam praesentium aut suscipit qui reprehenderit.\nIusto aut ea ad debitis. Est sint eveniet quidem voluptates omnis tempore est. Ea itaque et quasi aut. Est sint sunt recusandae corporis.',2,4,4,0,0,0,'2012-03-06 05:32:40','2015-03-25 02:27:18'),
	(12,'<p>Occaecati inventore odit consequuntur dolor quo. Fugiat cupiditate provident quod explicabo et ea quia.<br>\nRerum minima dolor suscipit fugiat. Ducimus iure aut sunt magnam. Libero et consectetur accusamus dolore consequatur quam. Et non et repellat vero ut nostrum.<br>\nQuod placeat harum iusto. Est dolores qui eligendi nesciunt molestiae voluptates. Esse animi culpa provident delectus et cum.</p>','Occaecati inventore odit consequuntur dolor quo. Fugiat cupiditate provident quod explicabo et ea quia.\nRerum minima dolor suscipit fugiat. Ducimus iure aut sunt magnam. Libero et consectetur accusamus dolore consequatur quam. Et non et repellat vero ut nostrum.\nQuod placeat harum iusto. Est dolores qui eligendi nesciunt molestiae voluptates. Esse animi culpa provident delectus et cum.',3,5,5,0,0,0,'2008-10-18 14:47:34','2015-03-25 02:27:19'),
	(13,'<p>Consequatur ea repellat ab. Aut non velit labore beatae aut qui et.<br>\nVeritatis omnis natus et recusandae. Veniam dolor doloremque est cumque quaerat sint.<br>\nHic impedit pariatur voluptatem assumenda deleniti harum ipsa. Fuga ab ut vitae vitae neque quas. Qui fugit rem reiciendis. Consequatur ea ea architecto distinctio fugiat.<br>\nLaudantium sint vel sunt ipsum. Neque animi occaecati quae numquam sint nam. Iusto eaque est rerum excepturi occaecati.</p>','Consequatur ea repellat ab. Aut non velit labore beatae aut qui et.\nVeritatis omnis natus et recusandae. Veniam dolor doloremque est cumque quaerat sint.\nHic impedit pariatur voluptatem assumenda deleniti harum ipsa. Fuga ab ut vitae vitae neque quas. Qui fugit rem reiciendis. Consequatur ea ea architecto distinctio fugiat.\nLaudantium sint vel sunt ipsum. Neque animi occaecati quae numquam sint nam. Iusto eaque est rerum excepturi occaecati.',1,6,5,0,0,0,'2006-09-16 21:57:35','2015-03-25 02:27:20'),
	(14,'<p>Sequi doloribus dicta et eligendi. Veniam eos quas accusamus suscipit soluta eos. Et quo vero rerum aperiam sunt qui praesentium sequi.<br>\nCumque cupiditate sapiente facilis iure et qui est. Exercitationem quis ducimus molestiae aperiam debitis. Maiores aut labore error ut numquam debitis.<br>\nQuaerat odit non sint recusandae. Amet error et culpa mollitia eaque. Molestias doloribus atque quo eos id ea. Soluta laudantium neque dolores doloremque.</p>','Sequi doloribus dicta et eligendi. Veniam eos quas accusamus suscipit soluta eos. Et quo vero rerum aperiam sunt qui praesentium sequi.\nCumque cupiditate sapiente facilis iure et qui est. Exercitationem quis ducimus molestiae aperiam debitis. Maiores aut labore error ut numquam debitis.\nQuaerat odit non sint recusandae. Amet error et culpa mollitia eaque. Molestias doloribus atque quo eos id ea. Soluta laudantium neque dolores doloremque.',1,5,5,0,0,0,'2012-02-21 13:47:11','2015-03-25 02:27:21'),
	(15,'<p>Iusto ut perspiciatis impedit. Nulla magnam laborum ducimus temporibus. Incidunt rem enim dolores qui officia dolore. Illum iusto sapiente facere maiores qui.<br>\nIn unde quaerat nihil similique inventore optio ex tempore. Quia quam provident consectetur dignissimos quam in ab. Nulla atque sit aspernatur dolores illum. Enim fugiat qui dolores assumenda molestiae consequuntur.</p>','Iusto ut perspiciatis impedit. Nulla magnam laborum ducimus temporibus. Incidunt rem enim dolores qui officia dolore. Illum iusto sapiente facere maiores qui.\nIn unde quaerat nihil similique inventore optio ex tempore. Quia quam provident consectetur dignissimos quam in ab. Nulla atque sit aspernatur dolores illum. Enim fugiat qui dolores assumenda molestiae consequuntur.',1,5,6,0,0,0,'2006-05-31 23:30:16','2015-03-25 02:27:23'),
	(16,'<p>Unde pariatur consequatur autem nulla ea. Et deserunt optio corrupti saepe molestiae blanditiis. Magni et excepturi iure. Hic sit eum sint facilis quibusdam. Cumque officiis hic totam quaerat.<br>\nTemporibus repellendus asperiores culpa voluptas quis accusamus consequatur rerum. Occaecati alias qui totam incidunt possimus temporibus. Quia doloribus consequatur aut nam id et. Sint et at et pariatur maxime mollitia doloribus. Et omnis aspernatur ullam tempora dolorem porro.</p>','Unde pariatur consequatur autem nulla ea. Et deserunt optio corrupti saepe molestiae blanditiis. Magni et excepturi iure. Hic sit eum sint facilis quibusdam. Cumque officiis hic totam quaerat.\nTemporibus repellendus asperiores culpa voluptas quis accusamus consequatur rerum. Occaecati alias qui totam incidunt possimus temporibus. Quia doloribus consequatur aut nam id et. Sint et at et pariatur maxime mollitia doloribus. Et omnis aspernatur ullam tempora dolorem porro.',2,2,6,0,0,0,'2012-09-04 05:59:32','2015-03-25 02:27:24'),
	(17,'<p>Harum aut ut quidem hic. Porro temporibus voluptatem ea alias perferendis exercitationem. Porro rem porro consequatur est sit ea. Repellendus vel et repellendus sit deleniti quo sequi.<br>\nAdipisci dicta omnis omnis architecto voluptatibus eaque. Fuga expedita voluptatem fugiat culpa id. Dolores occaecati expedita aliquam porro et enim quaerat. Eveniet qui iure molestiae molestias exercitationem qui quis eligendi.</p>','Harum aut ut quidem hic. Porro temporibus voluptatem ea alias perferendis exercitationem. Porro rem porro consequatur est sit ea. Repellendus vel et repellendus sit deleniti quo sequi.\nAdipisci dicta omnis omnis architecto voluptatibus eaque. Fuga expedita voluptatem fugiat culpa id. Dolores occaecati expedita aliquam porro et enim quaerat. Eveniet qui iure molestiae molestias exercitationem qui quis eligendi.',3,5,6,0,0,0,'2007-01-14 18:56:22','2015-03-25 02:27:25'),
	(18,'<p>Mollitia ad numquam architecto aut. Ut asperiores ipsam qui aut. Mollitia quibusdam ut in et voluptatem id et placeat. Magnam at amet architecto et aliquid sed.<br>\nPerferendis possimus aperiam soluta accusantium. Vero itaque dolorum quasi explicabo dolor blanditiis.<br>\nNihil quaerat ipsum consectetur ipsum. Beatae nihil est deserunt fugiat numquam. Molestiae repellat animi magni iure molestias. Est vel ut et nobis.</p>','Mollitia ad numquam architecto aut. Ut asperiores ipsam qui aut. Mollitia quibusdam ut in et voluptatem id et placeat. Magnam at amet architecto et aliquid sed.\nPerferendis possimus aperiam soluta accusantium. Vero itaque dolorum quasi explicabo dolor blanditiis.\nNihil quaerat ipsum consectetur ipsum. Beatae nihil est deserunt fugiat numquam. Molestiae repellat animi magni iure molestias. Est vel ut et nobis.',3,2,6,0,0,0,'2006-01-03 06:19:55','2015-03-25 02:27:26'),
	(19,'<p>Dicta sit debitis sunt quo veritatis debitis. Ducimus ea quia perferendis illum harum et ut maxime. Voluptatem perspiciatis et molestiae.<br>\nCumque beatae neque aut et beatae nihil. Quis ab aut culpa suscipit sapiente similique quaerat. Itaque rem delectus quasi voluptas eum neque enim.<br>\nTempora repellendus quidem vel et. Rem facere molestias porro eum necessitatibus et dicta. Doloribus qui maiores aut aliquid voluptas sed.</p>','Dicta sit debitis sunt quo veritatis debitis. Ducimus ea quia perferendis illum harum et ut maxime. Voluptatem perspiciatis et molestiae.\nCumque beatae neque aut et beatae nihil. Quis ab aut culpa suscipit sapiente similique quaerat. Itaque rem delectus quasi voluptas eum neque enim.\nTempora repellendus quidem vel et. Rem facere molestias porro eum necessitatibus et dicta. Doloribus qui maiores aut aliquid voluptas sed.',0,1,7,0,0,0,'2014-05-06 20:13:48','2015-03-25 02:27:26'),
	(20,'<p>Occaecati quia quidem sit non natus ut. Laborum quaerat sit qui voluptatum culpa.<br>\nIpsam ut minima libero voluptatem vel vero. Nostrum dolorem neque aut quibusdam nam eum. Tempora molestias sapiente fugit consequatur dolorem est unde rem.<br>\nOccaecati voluptatem voluptatem est magni sunt sunt. Consequuntur veritatis et itaque vel. Ullam velit cum totam consequatur.<br>\nTempora at inventore veniam dolores voluptas dolor enim. Dicta sit voluptas et magni enim. Aspernatur labore adipisci quos.</p>','Occaecati quia quidem sit non natus ut. Laborum quaerat sit qui voluptatum culpa.\nIpsam ut minima libero voluptatem vel vero. Nostrum dolorem neque aut quibusdam nam eum. Tempora molestias sapiente fugit consequatur dolorem est unde rem.\nOccaecati voluptatem voluptatem est magni sunt sunt. Consequuntur veritatis et itaque vel. Ullam velit cum totam consequatur.\nTempora at inventore veniam dolores voluptas dolor enim. Dicta sit voluptas et magni enim. Aspernatur labore adipisci quos.',3,3,7,0,0,0,'2011-02-04 11:48:55','2015-03-25 02:27:28'),
	(21,'<p>Quia omnis veritatis quia qui. Eos cupiditate dolorem maiores omnis. Commodi quasi saepe occaecati quod dolorum.<br>\nSuscipit qui autem expedita ut aut corrupti. Consequatur nihil error cupiditate veniam mollitia optio magnam. Eum blanditiis autem quam sit et laboriosam quo optio. Sint culpa nihil voluptates veniam.<br>\nRepellat ab non quis hic sit. Eos magnam quia ut. Animi voluptatibus sunt quidem culpa.</p>','Quia omnis veritatis quia qui. Eos cupiditate dolorem maiores omnis. Commodi quasi saepe occaecati quod dolorum.\nSuscipit qui autem expedita ut aut corrupti. Consequatur nihil error cupiditate veniam mollitia optio magnam. Eum blanditiis autem quam sit et laboriosam quo optio. Sint culpa nihil voluptates veniam.\nRepellat ab non quis hic sit. Eos magnam quia ut. Animi voluptatibus sunt quidem culpa.',0,5,8,0,0,0,'2007-06-26 18:02:39','2015-03-25 02:27:28'),
	(22,'<p>Numquam nihil optio dolorem et sequi autem. Corrupti facilis laborum deserunt et tenetur. Numquam porro voluptate ullam et rerum et.<br>\nReiciendis ea aut et voluptatem itaque quasi. Fugit aliquid vitae sequi earum cumque hic. Dolores quod a quis velit laborum dolorem.<br>\nAt ad hic hic ut quibusdam inventore aut. Et maxime ducimus consequatur omnis minima. Quaerat rerum blanditiis deleniti rerum voluptate. Consequatur est enim eveniet deleniti. Quos nihil aperiam vero excepturi.</p>','Numquam nihil optio dolorem et sequi autem. Corrupti facilis laborum deserunt et tenetur. Numquam porro voluptate ullam et rerum et.\nReiciendis ea aut et voluptatem itaque quasi. Fugit aliquid vitae sequi earum cumque hic. Dolores quod a quis velit laborum dolorem.\nAt ad hic hic ut quibusdam inventore aut. Et maxime ducimus consequatur omnis minima. Quaerat rerum blanditiis deleniti rerum voluptate. Consequatur est enim eveniet deleniti. Quos nihil aperiam vero excepturi.',3,4,8,0,0,0,'2013-06-07 02:13:13','2015-03-25 02:27:31'),
	(23,'<p>Quia omnis tenetur voluptatum aut cumque est. Quis cupiditate ea delectus cumque repellendus omnis. Qui ut tempore ut et accusamus vel. Et vel possimus mollitia consequuntur ad praesentium. Alias commodi repudiandae accusamus laboriosam.<br>\nExcepturi assumenda asperiores asperiores omnis molestias doloremque sit. Molestiae dignissimos atque unde mollitia. Modi sed molestias debitis.</p>','Quia omnis tenetur voluptatum aut cumque est. Quis cupiditate ea delectus cumque repellendus omnis. Qui ut tempore ut et accusamus vel. Et vel possimus mollitia consequuntur ad praesentium. Alias commodi repudiandae accusamus laboriosam.\nExcepturi assumenda asperiores asperiores omnis molestias doloremque sit. Molestiae dignissimos atque unde mollitia. Modi sed molestias debitis.',2,8,8,0,0,0,'2014-05-09 07:06:29','2015-03-25 02:27:32'),
	(24,'<p>Non dolorem nulla voluptatibus natus adipisci nemo consequatur. Quidem quos alias non autem.<br>\nOmnis dolores aut voluptatem facilis voluptates labore et autem. Eos dolores iusto nam sapiente. Harum sapiente necessitatibus provident ut aspernatur.<br>\nNesciunt cumque placeat explicabo odit dolor consequuntur. Repellat dolor dolorem qui soluta quam. Voluptas consequatur aut libero omnis.</p>','Non dolorem nulla voluptatibus natus adipisci nemo consequatur. Quidem quos alias non autem.\nOmnis dolores aut voluptatem facilis voluptates labore et autem. Eos dolores iusto nam sapiente. Harum sapiente necessitatibus provident ut aspernatur.\nNesciunt cumque placeat explicabo odit dolor consequuntur. Repellat dolor dolorem qui soluta quam. Voluptas consequatur aut libero omnis.',0,5,8,0,0,0,'2013-09-12 03:29:22','2015-03-25 02:27:32'),
	(25,'<p>Atque doloribus dolor nostrum quaerat possimus consectetur. Ut provident corrupti sapiente sit vel hic. Architecto dicta laudantium recusandae fugit vel.<br>\nEos quas ipsum magnam repellendus consequatur iste. Minus laudantium autem quaerat id expedita. Nisi quod aut culpa.<br>\nIncidunt qui quo earum. Autem vel qui id illum ut sequi. Qui temporibus culpa suscipit laborum similique modi sit. Nisi perspiciatis unde ullam tenetur.</p>','Atque doloribus dolor nostrum quaerat possimus consectetur. Ut provident corrupti sapiente sit vel hic. Architecto dicta laudantium recusandae fugit vel.\nEos quas ipsum magnam repellendus consequatur iste. Minus laudantium autem quaerat id expedita. Nisi quod aut culpa.\nIncidunt qui quo earum. Autem vel qui id illum ut sequi. Qui temporibus culpa suscipit laborum similique modi sit. Nisi perspiciatis unde ullam tenetur.',1,3,8,0,0,0,'2011-05-21 07:11:28','2015-03-25 02:27:34'),
	(26,'<p>Sint et iste sed vel veritatis. Minima est nostrum numquam ducimus velit qui temporibus. Omnis maiores omnis quae nihil porro molestias vel. Reiciendis quia error explicabo in.<br>\nMinima facilis consequatur sunt quis qui aliquam repellat autem. Voluptatem facere natus quas qui. Praesentium esse nesciunt et blanditiis voluptatum sed laboriosam. Quia consequatur soluta ut. Aspernatur autem natus possimus ea ut distinctio.</p>','Sint et iste sed vel veritatis. Minima est nostrum numquam ducimus velit qui temporibus. Omnis maiores omnis quae nihil porro molestias vel. Reiciendis quia error explicabo in.\nMinima facilis consequatur sunt quis qui aliquam repellat autem. Voluptatem facere natus quas qui. Praesentium esse nesciunt et blanditiis voluptatum sed laboriosam. Quia consequatur soluta ut. Aspernatur autem natus possimus ea ut distinctio.',3,3,9,0,0,0,'2012-11-05 23:48:08','2015-03-25 02:27:35'),
	(27,'<p>Natus rerum error commodi accusamus ratione. A iusto quia qui necessitatibus. Illo tenetur labore explicabo quia inventore itaque. Veniam in natus cupiditate qui corporis non incidunt aliquid.<br>\nAut deserunt necessitatibus delectus laudantium tempore libero. Dolore non nihil molestias sunt non sunt omnis. Autem quaerat magnam a sed incidunt eveniet praesentium harum. Ea excepturi magni voluptatem dignissimos.<br>\nUllam dolorem nemo vel. Molestias ut eum veniam pariatur ut asperiores.</p>','Natus rerum error commodi accusamus ratione. A iusto quia qui necessitatibus. Illo tenetur labore explicabo quia inventore itaque. Veniam in natus cupiditate qui corporis non incidunt aliquid.\nAut deserunt necessitatibus delectus laudantium tempore libero. Dolore non nihil molestias sunt non sunt omnis. Autem quaerat magnam a sed incidunt eveniet praesentium harum. Ea excepturi magni voluptatem dignissimos.\nUllam dolorem nemo vel. Molestias ut eum veniam pariatur ut asperiores.',3,10,9,0,0,0,'2011-12-02 04:54:57','2015-03-25 02:27:37'),
	(28,'<p>Qui asperiores minima amet cum. Quos quidem aut dignissimos praesentium quam voluptas. Qui natus sit repellat. Et quasi sit molestiae autem sapiente non dicta.<br>\nFuga et laborum ipsa enim eligendi perferendis. Quis neque est distinctio quaerat voluptate et adipisci. Tenetur explicabo consequatur placeat quisquam nesciunt. Ipsa debitis impedit vel. Consectetur explicabo numquam autem perspiciatis atque.</p>','Qui asperiores minima amet cum. Quos quidem aut dignissimos praesentium quam voluptas. Qui natus sit repellat. Et quasi sit molestiae autem sapiente non dicta.\nFuga et laborum ipsa enim eligendi perferendis. Quis neque est distinctio quaerat voluptate et adipisci. Tenetur explicabo consequatur placeat quisquam nesciunt. Ipsa debitis impedit vel. Consectetur explicabo numquam autem perspiciatis atque.',0,3,9,0,0,0,'2012-07-09 21:46:12','2015-03-25 02:27:37'),
	(29,'<p>Ex earum dolor officia aut vel. Odit at aliquid similique qui ut officiis eaque. Voluptates pariatur ut a repellendus consequuntur. Sequi qui tenetur sunt eos.<br>\nQuia odio aut voluptas magni velit. Rerum quae quam consequuntur inventore consequatur aut dolor. Necessitatibus accusantium velit officia suscipit. Quia quibusdam beatae illum.</p>','Ex earum dolor officia aut vel. Odit at aliquid similique qui ut officiis eaque. Voluptates pariatur ut a repellendus consequuntur. Sequi qui tenetur sunt eos.\nQuia odio aut voluptas magni velit. Rerum quae quam consequuntur inventore consequatur aut dolor. Necessitatibus accusantium velit officia suscipit. Quia quibusdam beatae illum.',3,7,10,0,0,0,'2009-03-02 19:55:40','2015-03-25 02:27:38'),
	(30,'<p>Tempore aut aut ut cum hic. Voluptas voluptas cumque quod non beatae. Inventore praesentium incidunt dolorum quos esse.<br>\nDolores quos enim voluptas rerum esse at consequatur officia. Aliquam iste et quasi quidem nulla et. Explicabo fuga quia et sapiente accusamus debitis vel.<br>\nExplicabo error doloribus itaque sequi amet. Reprehenderit ab repellendus sunt eos ut non. Alias esse quibusdam molestias exercitationem. Nam adipisci voluptatem possimus repellendus. Amet facilis praesentium ipsum placeat voluptatem.</p>','Tempore aut aut ut cum hic. Voluptas voluptas cumque quod non beatae. Inventore praesentium incidunt dolorum quos esse.\nDolores quos enim voluptas rerum esse at consequatur officia. Aliquam iste et quasi quidem nulla et. Explicabo fuga quia et sapiente accusamus debitis vel.\nExplicabo error doloribus itaque sequi amet. Reprehenderit ab repellendus sunt eos ut non. Alias esse quibusdam molestias exercitationem. Nam adipisci voluptatem possimus repellendus. Amet facilis praesentium ipsum placeat voluptatem.',2,3,10,0,0,0,'2013-11-19 18:52:53','2015-03-25 02:27:39'),
	(31,'<p>Ut vitae ratione voluptatibus officiis. Autem dolor fugit incidunt odio et temporibus. Error deserunt aut provident ullam.<br>\nSit aut minus quidem quisquam quia rerum quas distinctio. Rerum fugiat debitis odio voluptate a. Et exercitationem repudiandae optio atque enim minima. Sunt aut voluptas distinctio est sed id molestiae dolores.<br>\nVoluptas illum totam officia illo id debitis. Et voluptatem debitis facilis voluptates sint qui ut. Ex velit harum laudantium eligendi omnis. Debitis ad est ut non laudantium.</p>','Ut vitae ratione voluptatibus officiis. Autem dolor fugit incidunt odio et temporibus. Error deserunt aut provident ullam.\nSit aut minus quidem quisquam quia rerum quas distinctio. Rerum fugiat debitis odio voluptate a. Et exercitationem repudiandae optio atque enim minima. Sunt aut voluptas distinctio est sed id molestiae dolores.\nVoluptas illum totam officia illo id debitis. Et voluptatem debitis facilis voluptates sint qui ut. Ex velit harum laudantium eligendi omnis. Debitis ad est ut non laudantium.',1,6,10,0,0,0,'2014-03-03 00:45:06','2015-03-25 02:27:41');
ALTER TABLE `entries` ENABLE KEYS;
UNLOCK TABLES;


LOCK TABLES `entry_replies` WRITE;
ALTER TABLE `entry_replies` DISABLE KEYS;
INSERT INTO `entry_replies` (`id`, `text`, `text_source`, `replies_count`, `user_id`, `group_id`, `parent_id`, `uv`, `dv`, `score`, `created_at`, `updated_at`) VALUES 
	(1,'<p>Iure nesciunt porro exercitationem voluptatem et beatae alias animi. Sed voluptatem repellendus deserunt soluta. Sint ducimus veritatis delectus qui aspernatur. Quis in pariatur explicabo eveniet eos.<br>\nVoluptatem sunt consectetur dolor dolor dolorum. Perferendis totam laboriosam cum blanditiis odit itaque. Quos vero corrupti illo consequatur voluptates non aut.</p>','Iure nesciunt porro exercitationem voluptatem et beatae alias animi. Sed voluptatem repellendus deserunt soluta. Sint ducimus veritatis delectus qui aspernatur. Quis in pariatur explicabo eveniet eos.\nVoluptatem sunt consectetur dolor dolor dolorum. Perferendis totam laboriosam cum blanditiis odit itaque. Quos vero corrupti illo consequatur voluptates non aut.',0,3,1,1,0,0,0,'2014-02-11 12:29:50','2015-03-25 02:27:07'),
	(2,'<p>Vel voluptatem consequatur ab voluptatem sed ut. Tempore saepe minus aut iure. Ullam reiciendis cumque at. Quibusdam cum commodi perspiciatis quo pariatur.<br>\nBeatae est quos illo ut quo saepe et nostrum. Doloremque et velit saepe saepe velit temporibus. Saepe vitae qui accusamus adipisci atque hic. Sint occaecati velit sequi temporibus similique sed.<br>\nRerum voluptates expedita magni. Quisquam aut eveniet minima fuga.</p>','Vel voluptatem consequatur ab voluptatem sed ut. Tempore saepe minus aut iure. Ullam reiciendis cumque at. Quibusdam cum commodi perspiciatis quo pariatur.\nBeatae est quos illo ut quo saepe et nostrum. Doloremque et velit saepe saepe velit temporibus. Saepe vitae qui accusamus adipisci atque hic. Sint occaecati velit sequi temporibus similique sed.\nRerum voluptates expedita magni. Quisquam aut eveniet minima fuga.',0,3,1,1,0,0,0,'2010-08-17 13:28:00','2015-03-25 02:27:07'),
	(3,'<p>Nam hic molestias voluptas accusantium. Similique dolorum optio aut illo expedita molestiae. Quisquam itaque necessitatibus qui odit accusantium iste.<br>\nNumquam aliquid incidunt eum doloremque ut distinctio et. Qui porro qui ut vero doloremque. Error ut delectus praesentium eligendi earum.<br>\nQui qui mollitia consequuntur dolores alias autem rerum. Sint et tenetur nihil non et qui sit molestiae. Quaerat nostrum enim qui nihil non eveniet molestiae.</p>','Nam hic molestias voluptas accusantium. Similique dolorum optio aut illo expedita molestiae. Quisquam itaque necessitatibus qui odit accusantium iste.\nNumquam aliquid incidunt eum doloremque ut distinctio et. Qui porro qui ut vero doloremque. Error ut delectus praesentium eligendi earum.\nQui qui mollitia consequuntur dolores alias autem rerum. Sint et tenetur nihil non et qui sit molestiae. Quaerat nostrum enim qui nihil non eveniet molestiae.',0,2,1,1,0,0,0,'2014-01-21 07:40:43','2015-03-25 02:27:07'),
	(4,'<p>Modi illo totam et eum. Maiores qui aut dolor eligendi ad. Sed eligendi id explicabo quos numquam. Pariatur cumque ad et fuga.<br>\nSed quidem ut quas necessitatibus. Laborum sint aut sed. Dolorum eum necessitatibus dolorum. Earum accusamus animi ipsam quaerat.<br>\nExcepturi quo rerum saepe accusamus. Id qui consequuntur fuga quo et mollitia. Amet libero ratione quod tempore.</p>','Modi illo totam et eum. Maiores qui aut dolor eligendi ad. Sed eligendi id explicabo quos numquam. Pariatur cumque ad et fuga.\nSed quidem ut quas necessitatibus. Laborum sint aut sed. Dolorum eum necessitatibus dolorum. Earum accusamus animi ipsam quaerat.\nExcepturi quo rerum saepe accusamus. Id qui consequuntur fuga quo et mollitia. Amet libero ratione quod tempore.',0,1,2,2,0,0,0,'2010-10-10 09:30:06','2015-03-25 02:27:08'),
	(5,'<p>Sint non eum eum et voluptas. Et quam eaque sunt velit. Voluptas est eligendi nam minima quos eveniet. Et fugit ipsum veniam voluptate.<br>\nAspernatur nesciunt placeat quaerat qui aut quibusdam tenetur qui. Ullam reiciendis sunt ad. Numquam est commodi pariatur qui quidem. Esse nihil fuga porro aut.<br>\nVoluptatem mollitia placeat sint et velit. Et est ipsa ut iusto impedit facere. Qui est et et et illum.<br>\nQuo doloribus et inventore omnis. Expedita qui quia pariatur veritatis.</p>','Sint non eum eum et voluptas. Et quam eaque sunt velit. Voluptas est eligendi nam minima quos eveniet. Et fugit ipsum veniam voluptate.\nAspernatur nesciunt placeat quaerat qui aut quibusdam tenetur qui. Ullam reiciendis sunt ad. Numquam est commodi pariatur qui quidem. Esse nihil fuga porro aut.\nVoluptatem mollitia placeat sint et velit. Et est ipsa ut iusto impedit facere. Qui est et et et illum.\nQuo doloribus et inventore omnis. Expedita qui quia pariatur veritatis.',0,1,2,2,0,0,0,'2015-01-04 08:39:50','2015-03-25 02:27:08'),
	(6,'<p>Quo quasi inventore accusamus est incidunt rerum iste consequatur. Beatae sapiente provident sed.<br>\nOmnis recusandae accusantium fugit nam rerum. Dolorem rem ipsa nisi est. Laborum quos alias sit magni. Repellendus quasi accusantium voluptatem.<br>\nSit fugiat dolorem ipsa distinctio. Aperiam eius dolorem commodi quis vero eaque odio ut. Dolores sit odit esse et.</p>','Quo quasi inventore accusamus est incidunt rerum iste consequatur. Beatae sapiente provident sed.\nOmnis recusandae accusantium fugit nam rerum. Dolorem rem ipsa nisi est. Laborum quos alias sit magni. Repellendus quasi accusantium voluptatem.\nSit fugiat dolorem ipsa distinctio. Aperiam eius dolorem commodi quis vero eaque odio ut. Dolores sit odit esse et.',0,1,2,3,0,0,0,'2009-05-24 17:01:42','2015-03-25 02:27:10'),
	(7,'<p>Maiores et praesentium neque quas sint tenetur consequatur. Eveniet amet corrupti consequuntur maxime sit est. Et aliquam sed aperiam ab.<br>\nQuis rem perferendis neque velit sed iste. Dignissimos quae magnam tempora consequuntur reiciendis. Temporibus consequuntur distinctio nobis fugit.<br>\nAut sequi harum inventore provident sequi neque. Eos quisquam amet adipisci quod consectetur a repellat. Consequatur similique quibusdam maiores dolor ea.</p>','Maiores et praesentium neque quas sint tenetur consequatur. Eveniet amet corrupti consequuntur maxime sit est. Et aliquam sed aperiam ab.\nQuis rem perferendis neque velit sed iste. Dignissimos quae magnam tempora consequuntur reiciendis. Temporibus consequuntur distinctio nobis fugit.\nAut sequi harum inventore provident sequi neque. Eos quisquam amet adipisci quod consectetur a repellat. Consequatur similique quibusdam maiores dolor ea.',0,2,2,4,0,0,0,'2012-11-13 11:29:35','2015-03-25 02:27:11'),
	(8,'<p>Sequi dicta rem voluptatibus suscipit nam. Dolor aliquam neque aliquid et earum odio voluptatibus. Molestiae consequatur laborum eaque dolor ex. Non voluptas sit aut earum consequuntur molestiae est.<br>\nVel ipsa aperiam et perferendis molestiae vero nesciunt. Suscipit nihil sapiente id nihil. Tenetur corrupti dolore odit repudiandae fuga enim. Consequatur reprehenderit quas praesentium architecto.</p>','Sequi dicta rem voluptatibus suscipit nam. Dolor aliquam neque aliquid et earum odio voluptatibus. Molestiae consequatur laborum eaque dolor ex. Non voluptas sit aut earum consequuntur molestiae est.\nVel ipsa aperiam et perferendis molestiae vero nesciunt. Suscipit nihil sapiente id nihil. Tenetur corrupti dolore odit repudiandae fuga enim. Consequatur reprehenderit quas praesentium architecto.',0,3,2,5,0,0,0,'2009-12-08 07:26:42','2015-03-25 02:27:11'),
	(9,'<p>Quos consequatur rerum aut ut. Exercitationem et et fuga aut sit sit. Modi nesciunt porro quas consequatur tempore ratione.<br>\nQuo ut qui est vel. Dolore quia qui ex sit dolor. Pariatur alias quidem et voluptas vel culpa occaecati.<br>\nVelit quia consequuntur est animi non. Iste aliquam laboriosam ullam itaque repellendus nihil distinctio. Omnis assumenda et sit totam ut ea molestias.</p>','Quos consequatur rerum aut ut. Exercitationem et et fuga aut sit sit. Modi nesciunt porro quas consequatur tempore ratione.\nQuo ut qui est vel. Dolore quia qui ex sit dolor. Pariatur alias quidem et voluptas vel culpa occaecati.\nVelit quia consequuntur est animi non. Iste aliquam laboriosam ullam itaque repellendus nihil distinctio. Omnis assumenda et sit totam ut ea molestias.',0,1,2,5,0,0,0,'2005-06-03 03:07:28','2015-03-25 02:27:11'),
	(10,'<p>Quasi ullam mollitia error officiis. Rerum voluptate voluptatem consequatur deleniti nam accusamus. Sed ea fuga veniam voluptatibus consequuntur. Dolorum repellendus architecto maxime provident repellat sint.<br>\nTemporibus quia quis sunt quia dignissimos minima. Aut ea itaque ratione quos quisquam nulla. Cupiditate aliquid molestias et veritatis perspiciatis.<br>\nReiciendis enim voluptatum alias atque optio nostrum odio. Sint est voluptas est at deserunt excepturi rem. Enim aut omnis facilis et aut provident.</p>','Quasi ullam mollitia error officiis. Rerum voluptate voluptatem consequatur deleniti nam accusamus. Sed ea fuga veniam voluptatibus consequuntur. Dolorum repellendus architecto maxime provident repellat sint.\nTemporibus quia quis sunt quia dignissimos minima. Aut ea itaque ratione quos quisquam nulla. Cupiditate aliquid molestias et veritatis perspiciatis.\nReiciendis enim voluptatum alias atque optio nostrum odio. Sint est voluptas est at deserunt excepturi rem. Enim aut omnis facilis et aut provident.',0,2,2,5,0,0,0,'2012-10-21 04:40:06','2015-03-25 02:27:11'),
	(11,'<p>Labore qui repellat voluptatibus iure ea et et. Sed dolore dicta quis maxime exercitationem. Deserunt ut id ut molestiae ratione iste et.<br>\nRerum tempore officiis culpa ea accusantium eaque aut. Blanditiis fugiat autem cumque dignissimos. Eum quae optio ut delectus nam. Enim ut at eveniet reiciendis doloremque qui doloribus sint.<br>\nVoluptas reiciendis impedit delectus deserunt omnis. Suscipit eaque et aut est ut. Aut fugiat repellendus eos et. Perspiciatis iure quod omnis et vero odit.</p>','Labore qui repellat voluptatibus iure ea et et. Sed dolore dicta quis maxime exercitationem. Deserunt ut id ut molestiae ratione iste et.\nRerum tempore officiis culpa ea accusantium eaque aut. Blanditiis fugiat autem cumque dignissimos. Eum quae optio ut delectus nam. Enim ut at eveniet reiciendis doloremque qui doloribus sint.\nVoluptas reiciendis impedit delectus deserunt omnis. Suscipit eaque et aut est ut. Aut fugiat repellendus eos et. Perspiciatis iure quod omnis et vero odit.',0,2,3,9,0,0,0,'2014-04-08 05:06:13','2015-03-25 02:27:16'),
	(12,'<p>Excepturi culpa minus qui ipsa sequi tenetur. Occaecati reiciendis eius aperiam cumque. Et autem voluptates et.<br>\nMolestias quia incidunt quam non sunt. Ratione aspernatur velit praesentium amet dolor eum. Et cupiditate dolorem laudantium amet consequatur.<br>\nUt reiciendis voluptatem voluptas error dolorum quia placeat. Quia et culpa suscipit consequatur rerum repudiandae. Necessitatibus fugit ut labore officiis. Ipsa dolores necessitatibus vel.</p>','Excepturi culpa minus qui ipsa sequi tenetur. Occaecati reiciendis eius aperiam cumque. Et autem voluptates et.\nMolestias quia incidunt quam non sunt. Ratione aspernatur velit praesentium amet dolor eum. Et cupiditate dolorem laudantium amet consequatur.\nUt reiciendis voluptatem voluptas error dolorum quia placeat. Quia et culpa suscipit consequatur rerum repudiandae. Necessitatibus fugit ut labore officiis. Ipsa dolores necessitatibus vel.',0,3,4,11,0,0,0,'2013-02-09 07:55:45','2015-03-25 02:27:18'),
	(13,'<p>Consequuntur ex aperiam ea tempora provident atque quis quod. Dolorum quidem sed blanditiis quo laudantium saepe et. Officiis quas quo et est.<br>\nUt repudiandae illo neque voluptatem id eius. Omnis maiores autem aut blanditiis et dolorem omnis eos. Ut occaecati iste ab sunt. Rerum aut maxime vero.<br>\nNumquam id optio quia. Sunt quia ipsa ipsam aperiam aut quae. Quos voluptas doloribus doloremque nulla cum omnis fugiat. Porro reprehenderit eveniet quas.</p>','Consequuntur ex aperiam ea tempora provident atque quis quod. Dolorum quidem sed blanditiis quo laudantium saepe et. Officiis quas quo et est.\nUt repudiandae illo neque voluptatem id eius. Omnis maiores autem aut blanditiis et dolorem omnis eos. Ut occaecati iste ab sunt. Rerum aut maxime vero.\nNumquam id optio quia. Sunt quia ipsa ipsam aperiam aut quae. Quos voluptas doloribus doloremque nulla cum omnis fugiat. Porro reprehenderit eveniet quas.',0,2,4,11,0,0,0,'2006-10-22 15:21:39','2015-03-25 02:27:18'),
	(14,'<p>Id aut nam dolore possimus minus dolorem. Officiis molestiae sit fuga est molestiae blanditiis. Odio ut sit sit laborum unde.<br>\nSit aut rem praesentium soluta. Itaque sed ad ut et eveniet soluta architecto. Sed cum aut quis aut quo qui aliquid. Minima deleniti hic temporibus sint necessitatibus similique qui.<br>\nEt hic id expedita et natus maxime. Voluptas ipsa incidunt explicabo non sint. Error et officia beatae totam et. Totam commodi nulla est et ut voluptatem.</p>','Id aut nam dolore possimus minus dolorem. Officiis molestiae sit fuga est molestiae blanditiis. Odio ut sit sit laborum unde.\nSit aut rem praesentium soluta. Itaque sed ad ut et eveniet soluta architecto. Sed cum aut quis aut quo qui aliquid. Minima deleniti hic temporibus sint necessitatibus similique qui.\nEt hic id expedita et natus maxime. Voluptas ipsa incidunt explicabo non sint. Error et officia beatae totam et. Totam commodi nulla est et ut voluptatem.',0,2,5,12,0,0,0,'2007-11-26 20:02:25','2015-03-25 02:27:19'),
	(15,'<p>Sapiente labore dolorem soluta magni laudantium nihil vitae. Quos ea dicta iusto quia aspernatur facilis illum. Rerum commodi repellendus corrupti quisquam sed animi. Dignissimos autem officia laudantium soluta eveniet ut harum. Odit cum quaerat qui delectus.<br>\nEos fugit vero autem nihil. Omnis voluptatem excepturi in doloribus nobis non. Adipisci ab ipsum earum ex voluptas provident rerum.</p>','Sapiente labore dolorem soluta magni laudantium nihil vitae. Quos ea dicta iusto quia aspernatur facilis illum. Rerum commodi repellendus corrupti quisquam sed animi. Dignissimos autem officia laudantium soluta eveniet ut harum. Odit cum quaerat qui delectus.\nEos fugit vero autem nihil. Omnis voluptatem excepturi in doloribus nobis non. Adipisci ab ipsum earum ex voluptas provident rerum.',0,4,5,12,0,0,0,'2007-04-27 02:03:51','2015-03-25 02:27:19'),
	(16,'<p>Aut aut velit qui amet vitae nostrum. Est sint aut quasi commodi voluptas perferendis sit.<br>\nIn dolorum sint quia. Sapiente sint dolore enim omnis. Vitae voluptatum commodi rerum.<br>\nEt sed non ut vero voluptatem ab. Maiores eos est magni expedita repellat nesciunt rerum dolorum. Qui sed nostrum nihil corporis deserunt dignissimos at. Impedit numquam temporibus consectetur sit tempore magnam vel soluta.</p>','Aut aut velit qui amet vitae nostrum. Est sint aut quasi commodi voluptas perferendis sit.\nIn dolorum sint quia. Sapiente sint dolore enim omnis. Vitae voluptatum commodi rerum.\nEt sed non ut vero voluptatem ab. Maiores eos est magni expedita repellat nesciunt rerum dolorum. Qui sed nostrum nihil corporis deserunt dignissimos at. Impedit numquam temporibus consectetur sit tempore magnam vel soluta.',0,2,5,12,0,0,0,'2009-10-31 19:18:00','2015-03-25 02:27:19'),
	(17,'<p>Autem sed ab unde corrupti explicabo vel. Eos veritatis omnis nostrum. Iusto ducimus voluptate id.<br>\nMinus amet qui repudiandae quia est. Enim dicta ipsam est aut.<br>\nVoluptatibus velit quae et illo. Voluptatibus nisi id itaque. Voluptatem consequatur non quo tempora dignissimos. Optio placeat laborum consequatur eveniet voluptatem.<br>\nDelectus veniam similique eos et magni. Quia illum voluptate ea architecto. Sequi nihil accusantium deleniti quis reiciendis.</p>','Autem sed ab unde corrupti explicabo vel. Eos veritatis omnis nostrum. Iusto ducimus voluptate id.\nMinus amet qui repudiandae quia est. Enim dicta ipsam est aut.\nVoluptatibus velit quae et illo. Voluptatibus nisi id itaque. Voluptatem consequatur non quo tempora dignissimos. Optio placeat laborum consequatur eveniet voluptatem.\nDelectus veniam similique eos et magni. Quia illum voluptate ea architecto. Sequi nihil accusantium deleniti quis reiciendis.',0,5,5,13,0,0,0,'2006-11-21 07:16:41','2015-03-25 02:27:20'),
	(18,'<p>Ratione deleniti dolores et iusto commodi enim autem. Odit quia laboriosam numquam odio. Eius atque necessitatibus commodi quia est numquam. Earum corrupti itaque vel natus.<br>\nConsequuntur ducimus enim quam. Quia dolores sit aperiam maxime numquam in beatae. Repudiandae quo voluptatem corrupti facilis suscipit placeat cum.<br>\nVoluptatibus itaque et et expedita et. Dicta voluptas a optio aperiam. Commodi debitis modi sed voluptas alias.</p>','Ratione deleniti dolores et iusto commodi enim autem. Odit quia laboriosam numquam odio. Eius atque necessitatibus commodi quia est numquam. Earum corrupti itaque vel natus.\nConsequuntur ducimus enim quam. Quia dolores sit aperiam maxime numquam in beatae. Repudiandae quo voluptatem corrupti facilis suscipit placeat cum.\nVoluptatibus itaque et et expedita et. Dicta voluptas a optio aperiam. Commodi debitis modi sed voluptas alias.',0,1,5,14,0,0,0,'2006-07-02 16:45:26','2015-03-25 02:27:21'),
	(19,'<p>Est assumenda est autem odit ab laboriosam. Consectetur id dolorem ea aliquam expedita. Eligendi autem quibusdam nobis explicabo magni in velit.<br>\nMaiores sed numquam placeat eaque. Perferendis vel et est vero. Exercitationem omnis aut qui dolores. Consequatur voluptas animi deleniti veritatis sed repudiandae illum nesciunt.<br>\nOdio voluptas ea animi architecto sequi aut commodi. Sint accusamus occaecati reprehenderit unde placeat. Repellat debitis suscipit illo dolorem corporis. Ea et veniam et et officiis.</p>','Est assumenda est autem odit ab laboriosam. Consectetur id dolorem ea aliquam expedita. Eligendi autem quibusdam nobis explicabo magni in velit.\nMaiores sed numquam placeat eaque. Perferendis vel et est vero. Exercitationem omnis aut qui dolores. Consequatur voluptas animi deleniti veritatis sed repudiandae illum nesciunt.\nOdio voluptas ea animi architecto sequi aut commodi. Sint accusamus occaecati reprehenderit unde placeat. Repellat debitis suscipit illo dolorem corporis. Ea et veniam et et officiis.',0,3,6,15,0,0,0,'2012-06-02 06:30:49','2015-03-25 02:27:23'),
	(20,'<p>Hic quibusdam et in quidem vel vel enim. Occaecati aspernatur itaque quam quasi et quia. Autem inventore quod minima ab. Architecto consequatur praesentium sunt et sunt est sed.<br>\nLabore molestiae illum aut at aut magnam. Qui et omnis et quam. Adipisci voluptates modi laudantium tempore. Sed dolorem et asperiores dolorem suscipit.</p>','Hic quibusdam et in quidem vel vel enim. Occaecati aspernatur itaque quam quasi et quia. Autem inventore quod minima ab. Architecto consequatur praesentium sunt et sunt est sed.\nLabore molestiae illum aut at aut magnam. Qui et omnis et quam. Adipisci voluptates modi laudantium tempore. Sed dolorem et asperiores dolorem suscipit.',0,6,6,16,0,0,0,'2006-09-11 10:39:59','2015-03-25 02:27:24'),
	(21,'<p>Aspernatur eligendi amet quae esse delectus. Ea necessitatibus eos sit non velit dolore eligendi. Iure quisquam dolor quisquam porro voluptas et.<br>\nNobis corporis magnam maxime sed. Ut est laborum ea culpa maxime aliquid accusantium. Sint est itaque velit consequatur quas autem et itaque.<br>\nVoluptatem quod eum dolorem sit a delectus nulla. Quia ut itaque inventore. Maxime possimus consequuntur exercitationem.</p>','Aspernatur eligendi amet quae esse delectus. Ea necessitatibus eos sit non velit dolore eligendi. Iure quisquam dolor quisquam porro voluptas et.\nNobis corporis magnam maxime sed. Ut est laborum ea culpa maxime aliquid accusantium. Sint est itaque velit consequatur quas autem et itaque.\nVoluptatem quod eum dolorem sit a delectus nulla. Quia ut itaque inventore. Maxime possimus consequuntur exercitationem.',0,5,6,16,0,0,0,'2006-02-03 13:01:49','2015-03-25 02:27:24'),
	(22,'<p>Excepturi quo voluptates et molestiae accusantium. Voluptate eaque quia corrupti ut et rerum. Omnis quidem minima consequuntur.<br>\nMolestias quia cum error excepturi officiis rerum. Voluptas id quo aut. Excepturi asperiores aut dolor et dolor. Quia et voluptas fugit voluptas a. Dolorem autem accusamus enim totam.<br>\nSunt quidem cumque dicta minima maiores. Mollitia dolorum ut qui recusandae dolor. Et et rerum velit harum sed quo incidunt iure. Asperiores laboriosam voluptate unde numquam ipsum tempore et.</p>','Excepturi quo voluptates et molestiae accusantium. Voluptate eaque quia corrupti ut et rerum. Omnis quidem minima consequuntur.\nMolestias quia cum error excepturi officiis rerum. Voluptas id quo aut. Excepturi asperiores aut dolor et dolor. Quia et voluptas fugit voluptas a. Dolorem autem accusamus enim totam.\nSunt quidem cumque dicta minima maiores. Mollitia dolorum ut qui recusandae dolor. Et et rerum velit harum sed quo incidunt iure. Asperiores laboriosam voluptate unde numquam ipsum tempore et.',0,1,6,17,0,0,0,'2005-06-03 08:05:19','2015-03-25 02:27:25'),
	(23,'<p>Et est dignissimos recusandae mollitia consequatur accusamus. Quasi quidem illo porro maxime quasi eos. Ipsum quia beatae assumenda vel amet. Quis veniam commodi veniam et non nulla molestiae. Ducimus autem ut totam saepe.<br>\nUt maiores aut facilis repellendus ea. Sit ut eligendi omnis quia soluta aliquid id vitae. Est in dolorem consequuntur labore. Rerum deserunt voluptatem consequatur modi ut quia.</p>','Et est dignissimos recusandae mollitia consequatur accusamus. Quasi quidem illo porro maxime quasi eos. Ipsum quia beatae assumenda vel amet. Quis veniam commodi veniam et non nulla molestiae. Ducimus autem ut totam saepe.\nUt maiores aut facilis repellendus ea. Sit ut eligendi omnis quia soluta aliquid id vitae. Est in dolorem consequuntur labore. Rerum deserunt voluptatem consequatur modi ut quia.',0,3,6,17,0,0,0,'2013-01-03 11:17:07','2015-03-25 02:27:25'),
	(24,'<p>Incidunt maiores deserunt est est. Ducimus occaecati voluptatem id architecto accusamus dolor pariatur unde. Quas quisquam sed dicta repellendus vel illum et.<br>\nEa qui voluptatibus expedita repudiandae harum unde. Sed modi molestiae quis esse. Et ad rerum nostrum eum. Officia et reiciendis repellat doloremque autem qui fuga consequuntur.<br>\nQui earum non aut. Laudantium nam quisquam consequuntur ipsa. Veritatis ipsa odit quod laudantium beatae.</p>','Incidunt maiores deserunt est est. Ducimus occaecati voluptatem id architecto accusamus dolor pariatur unde. Quas quisquam sed dicta repellendus vel illum et.\nEa qui voluptatibus expedita repudiandae harum unde. Sed modi molestiae quis esse. Et ad rerum nostrum eum. Officia et reiciendis repellat doloremque autem qui fuga consequuntur.\nQui earum non aut. Laudantium nam quisquam consequuntur ipsa. Veritatis ipsa odit quod laudantium beatae.',0,2,6,17,0,0,0,'2010-01-09 23:51:17','2015-03-25 02:27:25'),
	(25,'<p>Distinctio ipsum consequatur nulla est molestiae. Suscipit adipisci est voluptas eligendi.<br>\nUt laboriosam odit cumque accusamus mollitia eum rerum. Quo impedit suscipit ut nulla. Vitae molestiae labore et architecto.<br>\nMagni nisi dolor illum error aliquam debitis sed ut. Cum consequatur alias aliquid beatae pariatur quasi recusandae. Eligendi totam dolore tempora perspiciatis. Deserunt cumque repudiandae perspiciatis mollitia nihil iure nulla.</p>','Distinctio ipsum consequatur nulla est molestiae. Suscipit adipisci est voluptas eligendi.\nUt laboriosam odit cumque accusamus mollitia eum rerum. Quo impedit suscipit ut nulla. Vitae molestiae labore et architecto.\nMagni nisi dolor illum error aliquam debitis sed ut. Cum consequatur alias aliquid beatae pariatur quasi recusandae. Eligendi totam dolore tempora perspiciatis. Deserunt cumque repudiandae perspiciatis mollitia nihil iure nulla.',0,6,6,18,0,0,0,'2010-03-14 21:37:51','2015-03-25 02:27:26'),
	(26,'<p>Maiores nobis qui sunt. Molestiae tempora consectetur in vel velit ducimus. Dolorum iusto totam ut est qui. Veniam enim harum tenetur et voluptatum iste dolorem.<br>\nPraesentium velit sed facilis distinctio dolor est vel. Eum et non reprehenderit nam minima repellat tempore deserunt. Fugit aut ea cumque veritatis tenetur perferendis adipisci ut. Consequatur harum fugit unde voluptas esse incidunt quisquam. Perspiciatis aut cumque voluptatem ratione qui.</p>','Maiores nobis qui sunt. Molestiae tempora consectetur in vel velit ducimus. Dolorum iusto totam ut est qui. Veniam enim harum tenetur et voluptatum iste dolorem.\nPraesentium velit sed facilis distinctio dolor est vel. Eum et non reprehenderit nam minima repellat tempore deserunt. Fugit aut ea cumque veritatis tenetur perferendis adipisci ut. Consequatur harum fugit unde voluptas esse incidunt quisquam. Perspiciatis aut cumque voluptatem ratione qui.',0,6,6,18,0,0,0,'2012-12-23 00:38:42','2015-03-25 02:27:26'),
	(27,'<p>Sunt est eius qui voluptatem. Omnis quidem et saepe eos asperiores qui porro. Consequuntur nemo et vel unde minus. Maxime suscipit fugiat quia a corporis.<br>\nQuam sequi odit in nisi. Reiciendis cumque dolore amet explicabo doloribus. Quia commodi nulla autem omnis dolores dolore. Ut autem incidunt architecto sed facere.<br>\nEst in voluptas animi. Sint qui dicta cum corporis voluptatem soluta est ipsa. Natus consequatur asperiores eum necessitatibus temporibus quos recusandae.</p>','Sunt est eius qui voluptatem. Omnis quidem et saepe eos asperiores qui porro. Consequuntur nemo et vel unde minus. Maxime suscipit fugiat quia a corporis.\nQuam sequi odit in nisi. Reiciendis cumque dolore amet explicabo doloribus. Quia commodi nulla autem omnis dolores dolore. Ut autem incidunt architecto sed facere.\nEst in voluptas animi. Sint qui dicta cum corporis voluptatem soluta est ipsa. Natus consequatur asperiores eum necessitatibus temporibus quos recusandae.',0,3,6,18,0,0,0,'2014-11-19 04:13:44','2015-03-25 02:27:26'),
	(28,'<p>Esse maiores voluptas et et et quo. Qui recusandae voluptas omnis iusto alias. Eveniet fuga officia quia eum.<br>\nCum tempora occaecati est vitae nihil. Tempora nesciunt voluptas beatae. Nostrum iusto rerum repellat enim aut odio. Aut natus aut aut quisquam id qui et. Quia facere corporis vero tempore quidem totam perferendis.<br>\nExpedita cupiditate rerum numquam incidunt. Aut et fugiat exercitationem quidem voluptatem nihil. Suscipit explicabo aut qui distinctio non. In dolorem officiis et et.</p>','Esse maiores voluptas et et et quo. Qui recusandae voluptas omnis iusto alias. Eveniet fuga officia quia eum.\nCum tempora occaecati est vitae nihil. Tempora nesciunt voluptas beatae. Nostrum iusto rerum repellat enim aut odio. Aut natus aut aut quisquam id qui et. Quia facere corporis vero tempore quidem totam perferendis.\nExpedita cupiditate rerum numquam incidunt. Aut et fugiat exercitationem quidem voluptatem nihil. Suscipit explicabo aut qui distinctio non. In dolorem officiis et et.',0,6,7,20,0,0,0,'2009-10-24 21:01:18','2015-03-25 02:27:28'),
	(29,'<p>Quasi qui molestiae vitae rerum. Nesciunt possimus et ea qui ab. Exercitationem voluptate neque corporis et laboriosam quia illum.<br>\nAd dolor quae molestiae optio qui est earum enim. Est sit assumenda atque vel. Minus eos sed blanditiis sed sequi. Molestiae non ipsa sed fugiat molestiae et.<br>\nEt doloremque totam dolores iure non. Ut autem in in aut aut commodi velit vitae. Ut in cupiditate corporis voluptates. Sit quod rerum itaque id quo omnis voluptatem.</p>','Quasi qui molestiae vitae rerum. Nesciunt possimus et ea qui ab. Exercitationem voluptate neque corporis et laboriosam quia illum.\nAd dolor quae molestiae optio qui est earum enim. Est sit assumenda atque vel. Minus eos sed blanditiis sed sequi. Molestiae non ipsa sed fugiat molestiae et.\nEt doloremque totam dolores iure non. Ut autem in in aut aut commodi velit vitae. Ut in cupiditate corporis voluptates. Sit quod rerum itaque id quo omnis voluptatem.',0,7,7,20,0,0,0,'2010-01-13 02:40:02','2015-03-25 02:27:28'),
	(30,'<p>Dolor voluptatem iure laudantium. Vero dolores iusto laudantium labore error at. Ab corporis iure quia est cumque praesentium incidunt.<br>\nUllam quo nobis beatae autem quam. Est ipsa iure dignissimos aut porro cum id. Corrupti quia harum debitis. Et unde consequuntur quae eaque.<br>\nEt minima sed dolor. Vel culpa corrupti placeat recusandae sed iure. Quia voluptatem error est accusamus.</p>','Dolor voluptatem iure laudantium. Vero dolores iusto laudantium labore error at. Ab corporis iure quia est cumque praesentium incidunt.\nUllam quo nobis beatae autem quam. Est ipsa iure dignissimos aut porro cum id. Corrupti quia harum debitis. Et unde consequuntur quae eaque.\nEt minima sed dolor. Vel culpa corrupti placeat recusandae sed iure. Quia voluptatem error est accusamus.',0,4,7,20,0,0,0,'2009-09-06 16:02:41','2015-03-25 02:27:28'),
	(31,'<p>Molestiae est aut assumenda. Minus rerum molestias et ut.<br>\nOdit animi vitae maiores a. Accusantium inventore sint dignissimos. Et qui praesentium sunt amet tenetur quisquam vitae aut. Maxime error dignissimos ut est soluta provident quis.<br>\nLaborum tempore dicta repellendus voluptatem. Officiis modi dolores quod perspiciatis qui pariatur recusandae non. Consequuntur dolorum iure voluptatum excepturi repudiandae id. Vel in incidunt dolores quam iusto.</p>','Molestiae est aut assumenda. Minus rerum molestias et ut.\nOdit animi vitae maiores a. Accusantium inventore sint dignissimos. Et qui praesentium sunt amet tenetur quisquam vitae aut. Maxime error dignissimos ut est soluta provident quis.\nLaborum tempore dicta repellendus voluptatem. Officiis modi dolores quod perspiciatis qui pariatur recusandae non. Consequuntur dolorum iure voluptatum excepturi repudiandae id. Vel in incidunt dolores quam iusto.',0,7,8,22,0,0,0,'2014-04-06 13:11:52','2015-03-25 02:27:31'),
	(32,'<p>Consequuntur tempore nulla sunt labore facilis. Voluptates totam laboriosam sint ipsam ut nam provident cupiditate. Aspernatur aut adipisci id mollitia dignissimos. Laudantium a beatae veritatis sed sit fugiat soluta. Doloribus velit odit illum amet.<br>\nExpedita veritatis aliquid earum assumenda sint. Et est non voluptatibus sit amet quo vero quo. Est ut doloremque perferendis repellat. Aut dolores saepe accusamus eum.</p>','Consequuntur tempore nulla sunt labore facilis. Voluptates totam laboriosam sint ipsam ut nam provident cupiditate. Aspernatur aut adipisci id mollitia dignissimos. Laudantium a beatae veritatis sed sit fugiat soluta. Doloribus velit odit illum amet.\nExpedita veritatis aliquid earum assumenda sint. Et est non voluptatibus sit amet quo vero quo. Est ut doloremque perferendis repellat. Aut dolores saepe accusamus eum.',0,1,8,22,0,0,0,'2015-01-11 06:28:01','2015-03-25 02:27:31'),
	(33,'<p>Error velit id quidem voluptas earum sint. Atque fugit dolores consequatur voluptatum deleniti est qui. Sunt sed ut aliquid qui.<br>\nMaiores harum consectetur voluptatem natus sed. Nobis dignissimos soluta veritatis aspernatur. Omnis eligendi quia eos alias doloribus eius asperiores.<br>\nQui dignissimos libero ut beatae iste libero ullam officiis. Rerum sequi dignissimos atque expedita. Amet omnis iste at quia. Nam voluptas consectetur voluptatibus et quaerat.</p>','Error velit id quidem voluptas earum sint. Atque fugit dolores consequatur voluptatum deleniti est qui. Sunt sed ut aliquid qui.\nMaiores harum consectetur voluptatem natus sed. Nobis dignissimos soluta veritatis aspernatur. Omnis eligendi quia eos alias doloribus eius asperiores.\nQui dignissimos libero ut beatae iste libero ullam officiis. Rerum sequi dignissimos atque expedita. Amet omnis iste at quia. Nam voluptas consectetur voluptatibus et quaerat.',0,5,8,22,0,0,0,'2012-03-17 10:53:09','2015-03-25 02:27:31'),
	(34,'<p>Corrupti minus fugit porro et velit qui quo. Molestias iure id et molestiae soluta ut sapiente. Quas beatae quidem itaque ipsa.<br>\nVoluptates dolore fuga blanditiis omnis culpa. Officiis et rerum aut commodi voluptatem eius officia. At tenetur non illum deserunt id fuga voluptas. Tempora aliquam optio eligendi et sint consectetur quaerat.</p>','Corrupti minus fugit porro et velit qui quo. Molestias iure id et molestiae soluta ut sapiente. Quas beatae quidem itaque ipsa.\nVoluptates dolore fuga blanditiis omnis culpa. Officiis et rerum aut commodi voluptatem eius officia. At tenetur non illum deserunt id fuga voluptas. Tempora aliquam optio eligendi et sint consectetur quaerat.',0,4,8,23,0,0,0,'2008-03-29 01:23:17','2015-03-25 02:27:32'),
	(35,'<p>Voluptate velit aliquid dignissimos qui possimus voluptas ut. Consequatur aut et quibusdam aperiam commodi. Ipsa et voluptatem nesciunt.<br>\nSint qui quia doloribus sequi dolor est neque consequatur. Suscipit ipsum nobis qui praesentium cum quasi mollitia. Ut inventore qui quis vel nisi sint tenetur.<br>\nMollitia consequatur quo qui libero perferendis. Molestiae veniam nulla iure labore porro aut. Facere dicta molestiae animi aut sequi non doloribus.</p>','Voluptate velit aliquid dignissimos qui possimus voluptas ut. Consequatur aut et quibusdam aperiam commodi. Ipsa et voluptatem nesciunt.\nSint qui quia doloribus sequi dolor est neque consequatur. Suscipit ipsum nobis qui praesentium cum quasi mollitia. Ut inventore qui quis vel nisi sint tenetur.\nMollitia consequatur quo qui libero perferendis. Molestiae veniam nulla iure labore porro aut. Facere dicta molestiae animi aut sequi non doloribus.',0,2,8,23,0,0,0,'2005-11-02 11:01:20','2015-03-25 02:27:32'),
	(36,'<p>Quidem reprehenderit vitae possimus. Eaque est earum non officiis animi.<br>\nAut porro maiores eos commodi at. Occaecati molestiae sit impedit ut beatae. Debitis aliquam et consectetur dolores delectus.<br>\nEa aliquid laborum cum eum ut accusantium. Magnam et iure omnis tenetur occaecati natus. Incidunt et officiis nam voluptas saepe. Non enim cupiditate itaque possimus.<br>\nIllum rem aut dolorem possimus necessitatibus sint ea. Et facere fugit nihil placeat nulla inventore laudantium. Eos velit unde cum vel ut velit.</p>','Quidem reprehenderit vitae possimus. Eaque est earum non officiis animi.\nAut porro maiores eos commodi at. Occaecati molestiae sit impedit ut beatae. Debitis aliquam et consectetur dolores delectus.\nEa aliquid laborum cum eum ut accusantium. Magnam et iure omnis tenetur occaecati natus. Incidunt et officiis nam voluptas saepe. Non enim cupiditate itaque possimus.\nIllum rem aut dolorem possimus necessitatibus sint ea. Et facere fugit nihil placeat nulla inventore laudantium. Eos velit unde cum vel ut velit.',0,8,8,25,0,0,0,'2014-11-26 21:35:27','2015-03-25 02:27:34'),
	(37,'<p>Asperiores dolorem tenetur ipsum adipisci omnis labore et. Occaecati doloribus quasi temporibus non. Voluptas eum non quam quaerat impedit animi.<br>\nAtque eius quia hic qui temporibus qui occaecati aperiam. Ut quia aut praesentium enim explicabo modi.<br>\nOmnis esse et sit. Ex aspernatur aliquam qui.<br>\nVoluptas enim quasi et necessitatibus. Dolore deserunt inventore repellat aut ducimus voluptatum rerum. Quo dicta autem nobis voluptatem. Sint non quos hic atque.</p>','Asperiores dolorem tenetur ipsum adipisci omnis labore et. Occaecati doloribus quasi temporibus non. Voluptas eum non quam quaerat impedit animi.\nAtque eius quia hic qui temporibus qui occaecati aperiam. Ut quia aut praesentium enim explicabo modi.\nOmnis esse et sit. Ex aspernatur aliquam qui.\nVoluptas enim quasi et necessitatibus. Dolore deserunt inventore repellat aut ducimus voluptatum rerum. Quo dicta autem nobis voluptatem. Sint non quos hic atque.',0,5,9,26,0,0,0,'2007-11-30 16:02:46','2015-03-25 02:27:35'),
	(38,'<p>Numquam qui dolores sint nisi voluptatibus omnis et. Aut maiores quis quos voluptatem quibusdam ex aut. Quo hic dignissimos ut minima est voluptatem occaecati. Est sed provident aliquam voluptas omnis.<br>\nVel dolor eum et iste fuga sequi non magni. Assumenda corporis soluta veniam et ipsam. Hic culpa iste repudiandae nesciunt perferendis consequatur et.<br>\nQui inventore enim perferendis nulla esse rerum. Quisquam dolorem fuga consequatur temporibus occaecati. Itaque temporibus odio temporibus nobis dolor.</p>','Numquam qui dolores sint nisi voluptatibus omnis et. Aut maiores quis quos voluptatem quibusdam ex aut. Quo hic dignissimos ut minima est voluptatem occaecati. Est sed provident aliquam voluptas omnis.\nVel dolor eum et iste fuga sequi non magni. Assumenda corporis soluta veniam et ipsam. Hic culpa iste repudiandae nesciunt perferendis consequatur et.\nQui inventore enim perferendis nulla esse rerum. Quisquam dolorem fuga consequatur temporibus occaecati. Itaque temporibus odio temporibus nobis dolor.',0,4,9,26,0,0,0,'2005-11-21 02:58:12','2015-03-25 02:27:35'),
	(39,'<p>Odit magni et autem non magnam et nihil omnis. Asperiores autem fugiat in. Omnis pariatur iure molestiae veniam dicta. Ex pariatur libero nesciunt voluptatem reiciendis eum sit.<br>\nQui iusto a excepturi libero. Deleniti tenetur officia nam ad molestias quia. Reprehenderit repellendus incidunt facilis optio consequatur odit iste. Quas eos nihil nisi ducimus nihil repellendus enim.<br>\nAtque corporis quia minus hic. Et repudiandae cupiditate amet. Nihil qui sed voluptatem reiciendis doloribus sunt suscipit fugit.</p>','Odit magni et autem non magnam et nihil omnis. Asperiores autem fugiat in. Omnis pariatur iure molestiae veniam dicta. Ex pariatur libero nesciunt voluptatem reiciendis eum sit.\nQui iusto a excepturi libero. Deleniti tenetur officia nam ad molestias quia. Reprehenderit repellendus incidunt facilis optio consequatur odit iste. Quas eos nihil nisi ducimus nihil repellendus enim.\nAtque corporis quia minus hic. Et repudiandae cupiditate amet. Nihil qui sed voluptatem reiciendis doloribus sunt suscipit fugit.',0,1,9,26,0,0,0,'2008-10-29 01:39:50','2015-03-25 02:27:35'),
	(40,'<p>A accusantium temporibus iure dolor quod. Quibusdam architecto est aut eveniet mollitia incidunt cumque tenetur. Voluptas et aut et excepturi quas blanditiis excepturi dolorem. Ratione iusto assumenda pariatur consequuntur eligendi magni incidunt.<br>\nPlaceat adipisci qui reiciendis molestiae sed veritatis. Est non voluptas tempore iusto. Qui distinctio tempore quibusdam.<br>\nSed ratione error quae iure. Est ut fugit quos.</p>','A accusantium temporibus iure dolor quod. Quibusdam architecto est aut eveniet mollitia incidunt cumque tenetur. Voluptas et aut et excepturi quas blanditiis excepturi dolorem. Ratione iusto assumenda pariatur consequuntur eligendi magni incidunt.\nPlaceat adipisci qui reiciendis molestiae sed veritatis. Est non voluptas tempore iusto. Qui distinctio tempore quibusdam.\nSed ratione error quae iure. Est ut fugit quos.',0,9,9,27,0,0,0,'2011-06-13 01:58:01','2015-03-25 02:27:37'),
	(41,'<p>Aspernatur officia repudiandae sint repellat asperiores veniam nam. Quidem possimus magnam quos aut recusandae.<br>\nDucimus ab consectetur perspiciatis necessitatibus in temporibus. Omnis distinctio beatae consectetur dolorum sint et. Sit doloribus nam eligendi et voluptatum non quas. Minus totam sunt facilis similique autem a.<br>\nVoluptatibus et porro quia optio sit aspernatur quibusdam. Ipsa et reiciendis et. Porro qui ex nobis autem.</p>','Aspernatur officia repudiandae sint repellat asperiores veniam nam. Quidem possimus magnam quos aut recusandae.\nDucimus ab consectetur perspiciatis necessitatibus in temporibus. Omnis distinctio beatae consectetur dolorum sint et. Sit doloribus nam eligendi et voluptatum non quas. Minus totam sunt facilis similique autem a.\nVoluptatibus et porro quia optio sit aspernatur quibusdam. Ipsa et reiciendis et. Porro qui ex nobis autem.',0,8,9,27,0,0,0,'2009-02-19 13:39:15','2015-03-25 02:27:37'),
	(42,'<p>Sapiente voluptas autem sit sed quia. Distinctio ut animi molestias ipsa maxime consectetur quidem minima. Qui dolor ut ut.<br>\nDolore tenetur ut non deserunt. Et eveniet omnis dolores beatae accusantium nostrum. Porro consequatur quis aut totam ut. Amet labore soluta ullam placeat modi ut.<br>\nOptio ea necessitatibus ea ab. Dolor sit tempore suscipit neque vitae amet ratione et. Ut porro qui rerum reiciendis enim. Enim reprehenderit quos beatae incidunt.</p>','Sapiente voluptas autem sit sed quia. Distinctio ut animi molestias ipsa maxime consectetur quidem minima. Qui dolor ut ut.\nDolore tenetur ut non deserunt. Et eveniet omnis dolores beatae accusantium nostrum. Porro consequatur quis aut totam ut. Amet labore soluta ullam placeat modi ut.\nOptio ea necessitatibus ea ab. Dolor sit tempore suscipit neque vitae amet ratione et. Ut porro qui rerum reiciendis enim. Enim reprehenderit quos beatae incidunt.',0,5,9,27,0,0,0,'2009-03-26 15:33:44','2015-03-25 02:27:37'),
	(43,'<p>Qui odit quia consequatur quis fugit voluptas sequi. Quod dolorem voluptas optio. Facere ut ut sint adipisci delectus adipisci cumque. Harum et vel eum sequi. Voluptas totam natus a vero.<br>\nDolores saepe sit est reprehenderit nisi corporis debitis. Voluptas quia repellat nam qui sit sit quae.</p>','Qui odit quia consequatur quis fugit voluptas sequi. Quod dolorem voluptas optio. Facere ut ut sint adipisci delectus adipisci cumque. Harum et vel eum sequi. Voluptas totam natus a vero.\nDolores saepe sit est reprehenderit nisi corporis debitis. Voluptas quia repellat nam qui sit sit quae.',0,2,10,29,0,0,0,'2006-06-22 01:17:27','2015-03-25 02:27:38'),
	(44,'<p>Pariatur id omnis natus cupiditate vel. Corporis sunt qui sunt delectus quod. Vero fuga asperiores qui ratione. Dolorem alias aperiam amet culpa est.<br>\nInventore quis et nobis enim eum. Sint qui perferendis sunt enim. Commodi sit et quo ipsum aliquam libero. Praesentium alias pariatur dolorem delectus alias omnis enim cumque.<br>\nAliquam adipisci corporis voluptatem eos. Perferendis earum doloremque qui quibusdam. Necessitatibus ipsam sint cumque ea perspiciatis et.</p>','Pariatur id omnis natus cupiditate vel. Corporis sunt qui sunt delectus quod. Vero fuga asperiores qui ratione. Dolorem alias aperiam amet culpa est.\nInventore quis et nobis enim eum. Sint qui perferendis sunt enim. Commodi sit et quo ipsum aliquam libero. Praesentium alias pariatur dolorem delectus alias omnis enim cumque.\nAliquam adipisci corporis voluptatem eos. Perferendis earum doloremque qui quibusdam. Necessitatibus ipsam sint cumque ea perspiciatis et.',0,9,10,29,0,0,0,'2008-01-16 08:34:48','2015-03-25 02:27:38'),
	(45,'<p>Placeat ratione nisi animi sit. Nihil quis quisquam qui et consequatur dolorem. Dolores quo at dolores qui consequatur.<br>\nEa minus officia non alias qui. Dolor placeat ipsum laudantium ut vel et omnis. Rem quidem repellendus adipisci doloremque corrupti quia. Et aut ut ut. Enim sint aut quas dolorem molestiae mollitia et incidunt.</p>','Placeat ratione nisi animi sit. Nihil quis quisquam qui et consequatur dolorem. Dolores quo at dolores qui consequatur.\nEa minus officia non alias qui. Dolor placeat ipsum laudantium ut vel et omnis. Rem quidem repellendus adipisci doloremque corrupti quia. Et aut ut ut. Enim sint aut quas dolorem molestiae mollitia et incidunt.',0,5,10,29,0,0,0,'2008-08-13 06:21:46','2015-03-25 02:27:38'),
	(46,'<p>Eveniet repellendus deleniti aut ad accusamus blanditiis. Magni similique cupiditate impedit autem. Eligendi qui et et odit nulla aliquam. Eos dolores vel nemo dolorem nobis.<br>\nAssumenda rem ut mollitia aut et eos et. Expedita quos animi qui qui recusandae at vitae tempora. Autem labore voluptates veritatis id.<br>\nOptio at voluptatum velit et quia unde enim qui. Occaecati id deserunt rerum nobis. Eveniet ut voluptatem nostrum debitis. A voluptatem nihil repellat perspiciatis omnis non.</p>','Eveniet repellendus deleniti aut ad accusamus blanditiis. Magni similique cupiditate impedit autem. Eligendi qui et et odit nulla aliquam. Eos dolores vel nemo dolorem nobis.\nAssumenda rem ut mollitia aut et eos et. Expedita quos animi qui qui recusandae at vitae tempora. Autem labore voluptates veritatis id.\nOptio at voluptatum velit et quia unde enim qui. Occaecati id deserunt rerum nobis. Eveniet ut voluptatem nostrum debitis. A voluptatem nihil repellat perspiciatis omnis non.',0,3,10,30,0,0,0,'2010-07-14 07:07:29','2015-03-25 02:27:39'),
	(47,'<p>Quia distinctio dolor doloribus. Aut quas fuga maxime.<br>\nMaxime qui aut est veritatis suscipit velit. Earum error illum deleniti id labore. Autem cumque placeat nam quo odio praesentium. Commodi voluptas ut sequi eos repellat blanditiis.<br>\nQui odit sit perferendis neque molestias ipsam enim. Quia non et sunt rem dolores incidunt ut. Et labore eos harum. Commodi ratione aliquam ut dolorem omnis.<br>\nConsequatur ut et temporibus possimus dolorum ex. Reprehenderit recusandae maiores architecto voluptatibus.</p>','Quia distinctio dolor doloribus. Aut quas fuga maxime.\nMaxime qui aut est veritatis suscipit velit. Earum error illum deleniti id labore. Autem cumque placeat nam quo odio praesentium. Commodi voluptas ut sequi eos repellat blanditiis.\nQui odit sit perferendis neque molestias ipsam enim. Quia non et sunt rem dolores incidunt ut. Et labore eos harum. Commodi ratione aliquam ut dolorem omnis.\nConsequatur ut et temporibus possimus dolorum ex. Reprehenderit recusandae maiores architecto voluptatibus.',0,2,10,30,0,0,0,'2011-06-13 09:47:02','2015-03-25 02:27:39'),
	(48,'<p>Rerum quae placeat cumque reiciendis voluptatem. Sed aliquam ut inventore aut natus incidunt. Quia aut maiores asperiores et. Quis beatae quos omnis unde quam et vel.<br>\nImpedit autem ipsam sunt est. Optio sequi magni ut in quis dolor. Est voluptatum quo necessitatibus ex aut.<br>\nEt consequuntur autem eveniet officiis aspernatur. Dolorem eaque qui corporis quam laudantium.</p>','Rerum quae placeat cumque reiciendis voluptatem. Sed aliquam ut inventore aut natus incidunt. Quia aut maiores asperiores et. Quis beatae quos omnis unde quam et vel.\nImpedit autem ipsam sunt est. Optio sequi magni ut in quis dolor. Est voluptatum quo necessitatibus ex aut.\nEt consequuntur autem eveniet officiis aspernatur. Dolorem eaque qui corporis quam laudantium.',0,2,10,31,0,0,0,'2009-03-22 00:34:56','2015-03-25 02:27:41');
ALTER TABLE `entry_replies` ENABLE KEYS;
UNLOCK TABLES;


LOCK TABLES `folders` WRITE;
ALTER TABLE `folders` DISABLE KEYS;
ALTER TABLE `folders` ENABLE KEYS;
UNLOCK TABLES;


LOCK TABLES `groups` WRITE;
ALTER TABLE `groups` DISABLE KEYS;
INSERT INTO `groups` (`id`, `avatar`, `description`, `name`, `style`, `urlname`, `type`, `sidebar`, `sidebar_source`, `creator_id`, `subscribers_count`, `created_at`, `updated_at`, `deleted_at`) VALUES 
	(1,NULL,'Rerum soluta nemo odio magni qui fugiat. Voluptatem voluptas id temporibus mollitia fugiat commodi accusantium quia.','East Tia',NULL,'kub','public','<p>Et quia ut aspernatur quos dolorem non. Mollitia accusantium ab ut odit. Enim aut amet omnis et fuga adipisci corporis.</p>','Et quia ut aspernatur quos dolorem non. Mollitia accusantium ab ut odit. Enim aut amet omnis et fuga adipisci corporis.',3,0,'2005-09-25 12:37:12','2015-03-25 02:27:06',NULL),
	(2,NULL,'Velit voluptatem assumenda recusandae amet. Dolore doloribus soluta asperiores dolore.','Davismouth',NULL,'schulist','public','<p>Quia omnis cupiditate possimus eos voluptas maiores adipisci dolores. Tempora inventore mollitia architecto natus officia. Quia sint vel dolores totam eum omnis soluta.</p>','Quia omnis cupiditate possimus eos voluptas maiores adipisci dolores. Tempora inventore mollitia architecto natus officia. Quia sint vel dolores totam eum omnis soluta.',3,0,'2010-11-05 04:53:55','2015-03-25 02:27:07',NULL),
	(3,NULL,'Culpa quis laudantium est amet officia. Quia ea ipsum aut et error nihil minima.','West Dollyborough',NULL,'braunschuppe','public','<p>Voluptatem dolorem vel culpa excepturi adipisci. Excepturi esse eum quia qui. Voluptatem quibusdam et adipisci incidunt rerum ducimus.</p>','Voluptatem dolorem vel culpa excepturi adipisci. Excepturi esse eum quia qui. Voluptatem quibusdam et adipisci incidunt rerum ducimus.',4,0,'2010-07-20 15:08:40','2015-03-25 02:27:12',NULL),
	(4,NULL,'Quo est laudantium et voluptas maxime omnis. Qui molestiae aut ut non enim doloribus.','New Leaton',NULL,'bayer','public','<p>Quis ipsam explicabo officia in. Et nulla optio illum et sunt sunt nostrum. Facere laboriosam rerum fugiat quod ut expedita beatae quis. Illo tempore adipisci perspiciatis optio.</p>','Quis ipsam explicabo officia in. Et nulla optio illum et sunt sunt nostrum. Facere laboriosam rerum fugiat quod ut expedita beatae quis. Illo tempore adipisci perspiciatis optio.',5,0,'2008-10-08 07:57:11','2015-03-25 02:27:17',NULL),
	(5,NULL,'Earum dolor nulla rerum rerum atque assumenda porro. Quia repudiandae debitis non nesciunt sit soluta mollitia.','Jaskolskiview',NULL,'harveyterry','public','<p>Possimus tempora est tempora in sed. Ad quia nihil sapiente in numquam odio dicta. Officiis voluptas molestiae facere ipsam delectus unde quidem. Ut dolore nesciunt omnis officiis ad omnis excepturi recusandae.</p>','Possimus tempora est tempora in sed. Ad quia nihil sapiente in numquam odio dicta. Officiis voluptas molestiae facere ipsam delectus unde quidem. Ut dolore nesciunt omnis officiis ad omnis excepturi recusandae.',6,0,'2011-06-25 12:03:15','2015-03-25 02:27:18',NULL),
	(6,NULL,'Vitae tempora optio iusto et magnam velit. Eligendi dicta cum tempore minus.','Andersonbury',NULL,'bauch','public','<p>Vel enim tempora quae aut architecto. Quis hic nobis laborum nostrum.</p>','Vel enim tempora quae aut architecto. Quis hic nobis laborum nostrum.',6,0,'2010-12-06 11:33:25','2015-03-25 02:27:21',NULL),
	(7,NULL,'Numquam aut quia qui et non sit inventore. Earum quae in unde dolores.','Lake Tessie',NULL,'eichmannmccullough','public','<p>Aut ab enim tenetur fugit cupiditate. Nihil vero sit esse animi expedita excepturi. Dignissimos ut quia eveniet. Exercitationem numquam voluptate pariatur corrupti. Commodi iusto cum molestias id et.</p>','Aut ab enim tenetur fugit cupiditate. Nihil vero sit esse animi expedita excepturi. Dignissimos ut quia eveniet. Exercitationem numquam voluptate pariatur corrupti. Commodi iusto cum molestias id et.',7,0,'2012-08-05 14:32:40','2015-03-25 02:27:26',NULL),
	(8,NULL,'Dignissimos officiis corporis iure saepe reprehenderit. Et eaque culpa praesentium voluptas.','North Bella',NULL,'wyman','public','<p>Sapiente itaque natus ea neque consequatur. Assumenda suscipit debitis placeat non tenetur sed. Exercitationem mollitia nihil accusamus dicta nesciunt ea fugiat dolorem.</p>','Sapiente itaque natus ea neque consequatur. Assumenda suscipit debitis placeat non tenetur sed. Exercitationem mollitia nihil accusamus dicta nesciunt ea fugiat dolorem.',8,0,'2012-01-08 10:14:15','2015-03-25 02:27:28',NULL),
	(9,NULL,'Quos explicabo doloribus ut aut quod et reprehenderit modi. Tempora similique aspernatur ipsum fugiat.','Lolitahaven',NULL,'hessel','public','<p>Quisquam ducimus voluptatem perspiciatis at. Est eos maxime enim iusto numquam delectus animi exercitationem. Provident numquam aliquam rem repudiandae.</p>','Quisquam ducimus voluptatem perspiciatis at. Est eos maxime enim iusto numquam delectus animi exercitationem. Provident numquam aliquam rem repudiandae.',10,0,'2010-07-21 09:45:23','2015-03-25 02:27:34',NULL),
	(10,NULL,'Commodi pariatur numquam aliquid repudiandae cupiditate. Impedit modi unde blanditiis reprehenderit et esse perspiciatis.','Tedville',NULL,'weimann','public','<p>Facilis aliquid incidunt autem aut sed odit fugit. Officia perferendis aut explicabo excepturi ea aspernatur quis unde. Nobis non labore laborum. Odio quia magni eaque.</p>','Facilis aliquid incidunt autem aut sed odit fugit. Officia perferendis aut explicabo excepturi ea aspernatur quis unde. Nobis non labore laborum. Odio quia magni eaque.',10,0,'2013-02-02 17:01:43','2015-03-25 02:27:38',NULL);
ALTER TABLE `groups` ENABLE KEYS;
UNLOCK TABLES;


LOCK TABLES `folder_groups` WRITE;
ALTER TABLE `folder_groups` DISABLE KEYS;
ALTER TABLE `folder_groups` ENABLE KEYS;
UNLOCK TABLES;


LOCK TABLES `group_bans` WRITE;
ALTER TABLE `group_bans` DISABLE KEYS;
ALTER TABLE `group_bans` ENABLE KEYS;
UNLOCK TABLES;


LOCK TABLES `group_moderators` WRITE;
ALTER TABLE `group_moderators` DISABLE KEYS;
ALTER TABLE `group_moderators` ENABLE KEYS;
UNLOCK TABLES;


LOCK TABLES `migrations` WRITE;
ALTER TABLE `migrations` DISABLE KEYS;
INSERT INTO `migrations` (`migration`, `batch`) VALUES 
	('2015_03_15_000000_create_users_table',1),
	('2015_03_15_000001_create_password_resets_table',1),
	('2015_03_15_000002_create_groups_table',1),
	('2015_03_15_000003_create_contents_table',1),
	('2015_03_15_000004_create_comments_table',1),
	('2015_03_15_000005_create_entries_table',1),
	('2015_03_16_030116_create_votes_table',1),
	('2015_03_16_030139_create_notifications_table',1),
	('2015_03_18_190557_create_notification_targets_table',1),
	('2015_03_19_010952_create_user_actions_table',1),
	('2015_03_19_203351_create_groups_bans_table',1),
	('2015_03_19_203943_create_groups_moderators_table',1),
	('2015_03_20_012950_create_content_related_table',1),
	('2015_03_20_144839_create_user_blocked_groups_table',1),
	('2015_03_20_144856_create_user_subscribed_groups_table',1),
	('2015_03_20_151518_create_user_blocked_users_table',1),
	('2015_03_20_151531_create_user_followed_users_table',1),
	('2015_03_20_155400_create_folders_table',1),
	('2015_03_20_155500_create_folder_groups_table',1),
	('2015_03_20_163311_create_saves_table',1),
	('2015_03_23_172524_create_conversations_table',1),
	('2015_03_23_205149_create_conversation_messages_table',1),
	('2015_03_23_205200_create_conversation_users_table',1),
	('2015_03_23_234643_create_user_settings_table',1),
	('2015_03_24_000834_create_user_blocked_domains_table',1),
	('2015_03_25_022259_create_comment_replies_table',1),
	('2015_03_25_022314_create_entry_replies_table',1);
ALTER TABLE `migrations` ENABLE KEYS;
UNLOCK TABLES;


LOCK TABLES `users` WRITE;
ALTER TABLE `users` DISABLE KEYS;
INSERT INTO `users` (`id`, `name`, `email`, `password`, `remember_token`, `type`, `last_ip`, `is_activated`, `avatar`, `age`, `sex`, `location`, `description`, `created_at`, `updated_at`, `deleted_at`, `last_login`) VALUES 
	(1,'parker.carole','dare.jannie@yahoo.com','$2y$10$uxt8c5wn80amQ0ocaqY4juyGu6hnNV3ldaliIP3whf.gpsCl8JlCy',NULL,'user','',1,NULL,0,'unknown',NULL,NULL,'2005-12-27 04:59:36','2015-03-25 02:27:06',NULL,'0000-00-00 00:00:00'),
	(2,'tobin74','nigel.trantow@hotmail.com','$2y$10$4/Bd8scX2L3qMQsFaMdBI.Vozy1SFNPpwCAAs82kgsnkPztherfYm',NULL,'user','',1,NULL,0,'unknown',NULL,NULL,'2005-07-24 06:19:48','2015-03-25 02:27:06',NULL,'0000-00-00 00:00:00'),
	(3,'greta.gulgowski','ray90@luettgen.com','$2y$10$tOMi3czRJ4uBqiro9qwU4.Qa3LMdQUgBxpMPg9rRiZ3OFyLC1khG.',NULL,'user','',1,NULL,0,'unknown',NULL,NULL,'2005-04-24 18:40:09','2015-03-25 02:27:06',NULL,'0000-00-00 00:00:00'),
	(4,'kerluke.rodolfo','demarco55@yahoo.com','$2y$10$4/HygQ59bn0MSliEYHV6I.r1QLR52taLY6F4fOR1Hjo/OAk8rHboq',NULL,'user','',1,NULL,0,'unknown',NULL,NULL,'2006-08-27 09:16:42','2015-03-25 02:27:12',NULL,'0000-00-00 00:00:00'),
	(5,'rhea.luettgen','conner27@gmail.com','$2y$10$ZrqftUVCJs10h94QyG7XLe1ChGilqlzuZSDu.hZzOfoLJ0N.J/Rlu',NULL,'user','',1,NULL,0,'unknown',NULL,NULL,'2010-02-08 19:15:23','2015-03-25 02:27:17',NULL,'0000-00-00 00:00:00'),
	(6,'elsie16','sasha52@waters.info','$2y$10$E6JUJbxEgOenuGjU350eEud8WBsRSplZ5AxHTO1/YDfQ7ajpvi9M2',NULL,'user','',1,NULL,0,'unknown',NULL,NULL,'2008-07-18 08:31:24','2015-03-25 02:27:18',NULL,'0000-00-00 00:00:00'),
	(7,'zetta16','dallin89@wisozkjacobi.com','$2y$10$eWDPeGCAyZTJ7utxVl5APO5BseiBYT3czLYPPOsIbHAMjOZAY4WeC',NULL,'user','',1,NULL,0,'unknown',NULL,NULL,'2014-08-23 20:00:07','2015-03-25 02:27:26',NULL,'0000-00-00 00:00:00'),
	(8,'tomasa.o\'reilly','murray.americo@gmail.com','$2y$10$6FLfP.Km5yIkUV3LdZXHDO.bM2u4A/8NlO9RXIagUCK7kn2psSMxO',NULL,'user','',1,NULL,0,'unknown',NULL,NULL,'2014-12-11 05:08:18','2015-03-25 02:27:28',NULL,'0000-00-00 00:00:00'),
	(9,'bins.keara','caesar.corkery@gmail.com','$2y$10$8PPoyMjKsIvaqeJvL7xbze6/yOhobApI0KTepgARL5.2iXDryqV5W',NULL,'user','',1,NULL,0,'unknown',NULL,NULL,'2011-06-25 02:47:40','2015-03-25 02:27:34',NULL,'0000-00-00 00:00:00'),
	(10,'ufritsch','batz.mabelle@yahoo.com','$2y$10$L4SnxaI.n6HAvlKjmVZvn.21JfCMd6oTsm3lHSTY3rUUtJ834obZO',NULL,'user','',1,NULL,0,'unknown',NULL,NULL,'2005-09-12 12:57:59','2015-03-25 02:27:34',NULL,'0000-00-00 00:00:00');
ALTER TABLE `users` ENABLE KEYS;
UNLOCK TABLES;


LOCK TABLES `notifications` WRITE;
ALTER TABLE `notifications` DISABLE KEYS;
ALTER TABLE `notifications` ENABLE KEYS;
UNLOCK TABLES;


LOCK TABLES `notification_targets` WRITE;
ALTER TABLE `notification_targets` DISABLE KEYS;
ALTER TABLE `notification_targets` ENABLE KEYS;
UNLOCK TABLES;


LOCK TABLES `password_resets` WRITE;
ALTER TABLE `password_resets` DISABLE KEYS;
ALTER TABLE `password_resets` ENABLE KEYS;
UNLOCK TABLES;


LOCK TABLES `saves` WRITE;
ALTER TABLE `saves` DISABLE KEYS;
ALTER TABLE `saves` ENABLE KEYS;
UNLOCK TABLES;


LOCK TABLES `user_actions` WRITE;
ALTER TABLE `user_actions` DISABLE KEYS;
INSERT INTO `user_actions` (`user_id`, `element_id`, `element_type`, `created_at`) VALUES 
	(1,1,'Strimoid\\Models\\Content','2015-03-25 02:27:06'),
	(3,1,'Strimoid\\Models\\Comment','2015-03-25 02:27:06'),
	(2,2,'Strimoid\\Models\\Comment','2015-03-25 02:27:06'),
	(2,1,'Strimoid\\Models\\Entry','2015-03-25 02:27:06'),
	(1,2,'Strimoid\\Models\\Content','2015-03-25 02:27:07'),
	(1,2,'Strimoid\\Models\\Entry','2015-03-25 02:27:07'),
	(1,3,'Strimoid\\Models\\Content','2015-03-25 02:27:08'),
	(3,3,'Strimoid\\Models\\Entry','2015-03-25 02:27:08'),
	(2,4,'Strimoid\\Models\\Content','2015-03-25 02:27:10'),
	(1,3,'Strimoid\\Models\\Comment','2015-03-25 02:27:10'),
	(2,4,'Strimoid\\Models\\Comment','2015-03-25 02:27:10'),
	(1,4,'Strimoid\\Models\\Entry','2015-03-25 02:27:10'),
	(1,5,'Strimoid\\Models\\Content','2015-03-25 02:27:11'),
	(2,5,'Strimoid\\Models\\Comment','2015-03-25 02:27:11'),
	(3,5,'Strimoid\\Models\\Entry','2015-03-25 02:27:11'),
	(2,6,'Strimoid\\Models\\Content','2015-03-25 02:27:11'),
	(3,6,'Strimoid\\Models\\Comment','2015-03-25 02:27:11'),
	(2,7,'Strimoid\\Models\\Comment','2015-03-25 02:27:11'),
	(3,8,'Strimoid\\Models\\Comment','2015-03-25 02:27:11'),
	(1,6,'Strimoid\\Models\\Entry','2015-03-25 02:27:11'),
	(2,7,'Strimoid\\Models\\Content','2015-03-25 02:27:12'),
	(4,9,'Strimoid\\Models\\Comment','2015-03-25 02:27:12'),
	(4,10,'Strimoid\\Models\\Comment','2015-03-25 02:27:12'),
	(3,7,'Strimoid\\Models\\Entry','2015-03-25 02:27:13'),
	(4,8,'Strimoid\\Models\\Content','2015-03-25 02:27:14'),
	(2,8,'Strimoid\\Models\\Entry','2015-03-25 02:27:14'),
	(2,9,'Strimoid\\Models\\Content','2015-03-25 02:27:15'),
	(2,9,'Strimoid\\Models\\Entry','2015-03-25 02:27:15'),
	(2,10,'Strimoid\\Models\\Content','2015-03-25 02:27:16'),
	(1,11,'Strimoid\\Models\\Comment','2015-03-25 02:27:16'),
	(2,12,'Strimoid\\Models\\Comment','2015-03-25 02:27:16'),
	(2,13,'Strimoid\\Models\\Comment','2015-03-25 02:27:16'),
	(4,10,'Strimoid\\Models\\Entry','2015-03-25 02:27:16'),
	(4,11,'Strimoid\\Models\\Content','2015-03-25 02:27:17'),
	(3,14,'Strimoid\\Models\\Comment','2015-03-25 02:27:17'),
	(4,11,'Strimoid\\Models\\Entry','2015-03-25 02:27:17'),
	(6,12,'Strimoid\\Models\\Content','2015-03-25 02:27:18'),
	(5,12,'Strimoid\\Models\\Entry','2015-03-25 02:27:18'),
	(5,13,'Strimoid\\Models\\Content','2015-03-25 02:27:19'),
	(1,15,'Strimoid\\Models\\Comment','2015-03-25 02:27:19'),
	(6,16,'Strimoid\\Models\\Comment','2015-03-25 02:27:19'),
	(2,17,'Strimoid\\Models\\Comment','2015-03-25 02:27:19'),
	(6,13,'Strimoid\\Models\\Entry','2015-03-25 02:27:19'),
	(2,14,'Strimoid\\Models\\Content','2015-03-25 02:27:20'),
	(5,14,'Strimoid\\Models\\Entry','2015-03-25 02:27:20'),
	(1,15,'Strimoid\\Models\\Content','2015-03-25 02:27:21'),
	(5,15,'Strimoid\\Models\\Entry','2015-03-25 02:27:21'),
	(1,16,'Strimoid\\Models\\Content','2015-03-25 02:27:23'),
	(6,18,'Strimoid\\Models\\Comment','2015-03-25 02:27:23'),
	(1,19,'Strimoid\\Models\\Comment','2015-03-25 02:27:23'),
	(2,16,'Strimoid\\Models\\Entry','2015-03-25 02:27:23'),
	(3,17,'Strimoid\\Models\\Content','2015-03-25 02:27:24'),
	(6,20,'Strimoid\\Models\\Comment','2015-03-25 02:27:24'),
	(5,17,'Strimoid\\Models\\Entry','2015-03-25 02:27:24'),
	(1,18,'Strimoid\\Models\\Content','2015-03-25 02:27:25'),
	(2,18,'Strimoid\\Models\\Entry','2015-03-25 02:27:25'),
	(2,19,'Strimoid\\Models\\Content','2015-03-25 02:27:26'),
	(4,21,'Strimoid\\Models\\Comment','2015-03-25 02:27:26'),
	(4,22,'Strimoid\\Models\\Comment','2015-03-25 02:27:26'),
	(1,19,'Strimoid\\Models\\Entry','2015-03-25 02:27:26'),
	(1,20,'Strimoid\\Models\\Content','2015-03-25 02:27:27'),
	(6,23,'Strimoid\\Models\\Comment','2015-03-25 02:27:27'),
	(3,20,'Strimoid\\Models\\Entry','2015-03-25 02:27:27'),
	(6,21,'Strimoid\\Models\\Content','2015-03-25 02:27:28'),
	(4,24,'Strimoid\\Models\\Comment','2015-03-25 02:27:28'),
	(5,21,'Strimoid\\Models\\Entry','2015-03-25 02:27:28'),
	(3,22,'Strimoid\\Models\\Content','2015-03-25 02:27:30'),
	(2,25,'Strimoid\\Models\\Comment','2015-03-25 02:27:30'),
	(3,26,'Strimoid\\Models\\Comment','2015-03-25 02:27:30'),
	(4,22,'Strimoid\\Models\\Entry','2015-03-25 02:27:30'),
	(5,23,'Strimoid\\Models\\Content','2015-03-25 02:27:31'),
	(5,27,'Strimoid\\Models\\Comment','2015-03-25 02:27:31'),
	(1,28,'Strimoid\\Models\\Comment','2015-03-25 02:27:31'),
	(8,29,'Strimoid\\Models\\Comment','2015-03-25 02:27:31'),
	(8,23,'Strimoid\\Models\\Entry','2015-03-25 02:27:31'),
	(6,24,'Strimoid\\Models\\Content','2015-03-25 02:27:32'),
	(5,30,'Strimoid\\Models\\Comment','2015-03-25 02:27:32'),
	(4,31,'Strimoid\\Models\\Comment','2015-03-25 02:27:32'),
	(6,32,'Strimoid\\Models\\Comment','2015-03-25 02:27:32'),
	(5,24,'Strimoid\\Models\\Entry','2015-03-25 02:27:32'),
	(7,25,'Strimoid\\Models\\Content','2015-03-25 02:27:33'),
	(4,33,'Strimoid\\Models\\Comment','2015-03-25 02:27:33'),
	(4,34,'Strimoid\\Models\\Comment','2015-03-25 02:27:33'),
	(3,25,'Strimoid\\Models\\Entry','2015-03-25 02:27:33'),
	(7,26,'Strimoid\\Models\\Content','2015-03-25 02:27:34'),
	(1,35,'Strimoid\\Models\\Comment','2015-03-25 02:27:34'),
	(10,36,'Strimoid\\Models\\Comment','2015-03-25 02:27:34'),
	(3,26,'Strimoid\\Models\\Entry','2015-03-25 02:27:34'),
	(8,27,'Strimoid\\Models\\Content','2015-03-25 02:27:35'),
	(10,27,'Strimoid\\Models\\Entry','2015-03-25 02:27:35'),
	(1,28,'Strimoid\\Models\\Content','2015-03-25 02:27:37'),
	(1,37,'Strimoid\\Models\\Comment','2015-03-25 02:27:37'),
	(3,28,'Strimoid\\Models\\Entry','2015-03-25 02:27:37'),
	(8,29,'Strimoid\\Models\\Content','2015-03-25 02:27:38'),
	(2,38,'Strimoid\\Models\\Comment','2015-03-25 02:27:38'),
	(5,39,'Strimoid\\Models\\Comment','2015-03-25 02:27:38'),
	(7,29,'Strimoid\\Models\\Entry','2015-03-25 02:27:38'),
	(7,30,'Strimoid\\Models\\Content','2015-03-25 02:27:38'),
	(3,40,'Strimoid\\Models\\Comment','2015-03-25 02:27:38'),
	(1,41,'Strimoid\\Models\\Comment','2015-03-25 02:27:38'),
	(3,30,'Strimoid\\Models\\Entry','2015-03-25 02:27:38'),
	(5,31,'Strimoid\\Models\\Content','2015-03-25 02:27:39'),
	(2,42,'Strimoid\\Models\\Comment','2015-03-25 02:27:39'),
	(3,43,'Strimoid\\Models\\Comment','2015-03-25 02:27:39'),
	(4,44,'Strimoid\\Models\\Comment','2015-03-25 02:27:39'),
	(6,31,'Strimoid\\Models\\Entry','2015-03-25 02:27:39');
ALTER TABLE `user_actions` ENABLE KEYS;
UNLOCK TABLES;


LOCK TABLES `user_blocked_domains` WRITE;
ALTER TABLE `user_blocked_domains` DISABLE KEYS;
ALTER TABLE `user_blocked_domains` ENABLE KEYS;
UNLOCK TABLES;


LOCK TABLES `user_blocked_groups` WRITE;
ALTER TABLE `user_blocked_groups` DISABLE KEYS;
ALTER TABLE `user_blocked_groups` ENABLE KEYS;
UNLOCK TABLES;


LOCK TABLES `user_blocked_users` WRITE;
ALTER TABLE `user_blocked_users` DISABLE KEYS;
ALTER TABLE `user_blocked_users` ENABLE KEYS;
UNLOCK TABLES;


LOCK TABLES `user_followed_users` WRITE;
ALTER TABLE `user_followed_users` DISABLE KEYS;
ALTER TABLE `user_followed_users` ENABLE KEYS;
UNLOCK TABLES;


LOCK TABLES `user_settings` WRITE;
ALTER TABLE `user_settings` DISABLE KEYS;
ALTER TABLE `user_settings` ENABLE KEYS;
UNLOCK TABLES;


LOCK TABLES `user_subscribed_groups` WRITE;
ALTER TABLE `user_subscribed_groups` DISABLE KEYS;
INSERT INTO `user_subscribed_groups` (`group_id`, `user_id`, `created_at`) VALUES 
	(1,1,'0000-00-00 00:00:00'),
	(2,1,'0000-00-00 00:00:00'),
	(2,2,'0000-00-00 00:00:00'),
	(3,1,'0000-00-00 00:00:00'),
	(3,2,'0000-00-00 00:00:00'),
	(3,3,'0000-00-00 00:00:00'),
	(3,4,'0000-00-00 00:00:00'),
	(5,1,'0000-00-00 00:00:00'),
	(5,2,'0000-00-00 00:00:00'),
	(5,3,'0000-00-00 00:00:00'),
	(5,4,'0000-00-00 00:00:00'),
	(5,5,'0000-00-00 00:00:00'),
	(6,1,'0000-00-00 00:00:00'),
	(7,1,'0000-00-00 00:00:00'),
	(7,2,'0000-00-00 00:00:00'),
	(7,3,'0000-00-00 00:00:00'),
	(7,4,'0000-00-00 00:00:00'),
	(8,1,'0000-00-00 00:00:00'),
	(10,1,'0000-00-00 00:00:00'),
	(10,2,'0000-00-00 00:00:00'),
	(10,3,'0000-00-00 00:00:00'),
	(10,4,'0000-00-00 00:00:00'),
	(10,5,'0000-00-00 00:00:00'),
	(10,6,'0000-00-00 00:00:00'),
	(10,7,'0000-00-00 00:00:00'),
	(10,8,'0000-00-00 00:00:00'),
	(10,9,'0000-00-00 00:00:00');
ALTER TABLE `user_subscribed_groups` ENABLE KEYS;
UNLOCK TABLES;


LOCK TABLES `votes` WRITE;
ALTER TABLE `votes` DISABLE KEYS;
ALTER TABLE `votes` ENABLE KEYS;
UNLOCK TABLES;




SET FOREIGN_KEY_CHECKS = @PREVIOUS_FOREIGN_KEY_CHECKS;


